[
  {"model": "auth.user", "pk": 1, "fields": {"password": "pbkdf2_sha256$1200000$et0LZxcQVvsg3bEDmFvrjU$Xzrx+ul6NTXPKVrIIyYaVftHnEUWVNKjQp1PlLpbD+U=", "last_login": "2026-06-08T06:02:25.252Z", "is_superuser": false, "username": "march123", "first_name": "", "last_name": "", "email": "", "is_staff": false, "is_active": true, "date_joined": "2026-06-07T21:32:23.082Z", "groups": [], "user_permissions": []}},
  {"model": "auth.user", "pk": 2, "fields": {"password": "pbkdf2_sha256$1200000$uZJodywj5Du37fQQA7Fcpb$bzApJMDLu+RxZXi3AkpZns78zpmuSovR4OnT0ISim+4=", "last_login": "2026-06-08T06:21:50.273Z", "is_superuser": true, "username": "admin", "first_name": "", "last_name": "", "email": "", "is_staff": true, "is_active": true, "date_joined": "2026-06-08T06:21:40.732Z", "groups": [], "user_permissions": []}},

  {"model": "categories.category", "pk": 1, "fields": {"name": "Нефтепереработка", "level": 1}},
  {"model": "categories.category", "pk": 2, "fields": {"name": "Нефтехимия", "level": 1}},
  {"model": "categories.category", "pk": 3, "fields": {"name": "Газопереработка", "level": 1}},
  {"model": "categories.category", "pk": 4, "fields": {"name": "Газохимия", "level": 1}},
  {"model": "categories.category", "pk": 5, "fields": {"name": "Химия", "level": 1}},
  {"model": "categories.category", "pk": 6, "fields": {"name": "Химия-удобрение", "level": 1}},

  {"model": "categories.category", "pk": 7, "fields": {"name": "Основные", "level": 2}},
  {"model": "categories.category", "pk": 8, "fields": {"name": "Вспомогательные", "level": 2}},
  {"model": "categories.category", "pk": 9, "fields": {"name": "Общие", "level": 2}},
  {"model": "categories.category", "pk": 10, "fields": {"name": "Сырьевые", "level": 2}},
  {"model": "categories.category", "pk": 11, "fields": {"name": "Товарные", "level": 2}},

  {"model": "categories.category", "pk": 12, "fields": {"name": "Атмосферное разделение", "level": 3}},
  {"model": "categories.category", "pk": 13, "fields": {"name": "Вакуумное разделение", "level": 3}},
  {"model": "categories.category", "pk": 14, "fields": {"name": "Крекинг каталитический", "level": 3}},
  {"model": "categories.category", "pk": 15, "fields": {"name": "Крекинг гидро", "level": 3}},
  {"model": "categories.category", "pk": 16, "fields": {"name": "Реформинг", "level": 3}},
  {"model": "categories.category", "pk": 17, "fields": {"name": "Полимеризация", "level": 3}},

  {"model": "objects.object", "pk": 1, "fields": {"name": "СНПЗ", "level": 1, "parent": null, "category": 1, "is_deleted": false, "created_by": 1, "created_at": "2026-06-07T21:33:18.997Z", "updated_at": "2026-06-07T21:51:47.517Z"}},
  {"model": "objects.object", "pk": 2, "fields": {"name": "Цех №1", "level": 2, "parent": 1, "category": 7, "is_deleted": false, "created_by": 1, "created_at": "2026-06-07T21:52:10.174Z", "updated_at": "2026-06-07T21:53:41.651Z"}},
  {"model": "objects.object", "pk": 3, "fields": {"name": "ГОК Р-2329", "level": 1, "parent": null, "category": 2, "is_deleted": false, "created_by": 1, "created_at": "2026-06-08T06:15:58.215Z", "updated_at": "2026-06-08T06:15:58.215Z"}},

  {"model": "objects.object", "pk": 4, "fields": {"name": "Омский НПЗ", "level": 1, "parent": null, "category": 1, "is_deleted": false, "created_by": 1, "created_at": "2026-06-08T07:00:00.000Z", "updated_at": "2026-06-08T07:00:00.000Z"}},
  {"model": "objects.object", "pk": 5, "fields": {"name": "Ангарский НХК", "level": 1, "parent": null, "category": 2, "is_deleted": false, "created_by": 1, "created_at": "2026-06-08T07:01:00.000Z", "updated_at": "2026-06-08T07:01:00.000Z"}},
  {"model": "objects.object", "pk": 6, "fields": {"name": "Оренбургский ГПЗ", "level": 1, "parent": null, "category": 3, "is_deleted": false, "created_by": 2, "created_at": "2026-06-08T07:02:00.000Z", "updated_at": "2026-06-08T07:02:00.000Z"}},
  {"model": "objects.object", "pk": 7, "fields": {"name": "Астраханский ГПЗ", "level": 1, "parent": null, "category": 3, "is_deleted": false, "created_by": 2, "created_at": "2026-06-08T07:03:00.000Z", "updated_at": "2026-06-08T07:03:00.000Z"}},
  {"model": "objects.object", "pk": 8, "fields": {"name": "Казанский завод синтетического каучука", "level": 1, "parent": null, "category": 4, "is_deleted": false, "created_by": 1, "created_at": "2026-06-08T07:04:00.000Z", "updated_at": "2026-06-08T07:04:00.000Z"}},
  {"model": "objects.object", "pk": 9, "fields": {"name": "Щёкиноазот", "level": 1, "parent": null, "category": 5, "is_deleted": false, "created_by": 2, "created_at": "2026-06-08T07:05:00.000Z", "updated_at": "2026-06-08T07:05:00.000Z"}},
  {"model": "objects.object", "pk": 10, "fields": {"name": "Невинномысский Азот", "level": 1, "parent": null, "category": 6, "is_deleted": false, "created_by": 2, "created_at": "2026-06-08T07:06:00.000Z", "updated_at": "2026-06-08T07:06:00.000Z"}},
  {"model": "objects.object", "pk": 11, "fields": {"name": "Тольяттиазот", "level": 1, "parent": null, "category": 6, "is_deleted": false, "created_by": 1, "created_at": "2026-06-08T07:07:00.000Z", "updated_at": "2026-06-08T07:07:00.000Z"}},

  {"model": "objects.object", "pk": 12, "fields": {"name": "Установка первичной переработки ЭЛОУ-АВТ-6", "level": 2, "parent": 4, "category": 7, "is_deleted": false, "created_by": 1, "created_at": "2026-06-08T07:10:00.000Z", "updated_at": "2026-06-08T07:10:00.000Z"}},
  {"model": "objects.object", "pk": 13, "fields": {"name": "Установка каталитического крекинга Г-43-107", "level": 2, "parent": 4, "category": 7, "is_deleted": false, "created_by": 1, "created_at": "2026-06-08T07:11:00.000Z", "updated_at": "2026-06-08T07:11:00.000Z"}},
  {"model": "objects.object", "pk": 14, "fields": {"name": "Блок оборотного водоснабжения", "level": 2, "parent": 4, "category": 8, "is_deleted": false, "created_by": 1, "created_at": "2026-06-08T07:12:00.000Z", "updated_at": "2026-06-08T07:12:00.000Z"}},
  {"model": "objects.object", "pk": 15, "fields": {"name": "Котельная №3", "level": 2, "parent": 4, "category": 8, "is_deleted": false, "created_by": 2, "created_at": "2026-06-08T07:13:00.000Z", "updated_at": "2026-06-08T07:13:00.000Z"}},
  {"model": "objects.object", "pk": 16, "fields": {"name": "Резервуарный парк сырой нефти", "level": 2, "parent": 1, "category": 10, "is_deleted": false, "created_by": 1, "created_at": "2026-06-08T07:14:00.000Z", "updated_at": "2026-06-08T07:14:00.000Z"}},
  {"model": "objects.object", "pk": 17, "fields": {"name": "Товарно-сырьевая база", "level": 2, "parent": 1, "category": 11, "is_deleted": false, "created_by": 1, "created_at": "2026-06-08T07:15:00.000Z", "updated_at": "2026-06-08T07:15:00.000Z"}},
  {"model": "objects.object", "pk": 18, "fields": {"name": "Цех пиролиза", "level": 2, "parent": 5, "category": 7, "is_deleted": false, "created_by": 1, "created_at": "2026-06-08T07:16:00.000Z", "updated_at": "2026-06-08T07:16:00.000Z"}},
  {"model": "objects.object", "pk": 19, "fields": {"name": "Установка полимеризации этилена", "level": 2, "parent": 5, "category": 7, "is_deleted": false, "created_by": 2, "created_at": "2026-06-08T07:17:00.000Z", "updated_at": "2026-06-08T07:17:00.000Z"}},
  {"model": "objects.object", "pk": 20, "fields": {"name": "Компрессорная станция", "level": 2, "parent": 6, "category": 9, "is_deleted": false, "created_by": 2, "created_at": "2026-06-08T07:18:00.000Z", "updated_at": "2026-06-08T07:18:00.000Z"}},
  {"model": "objects.object", "pk": 21, "fields": {"name": "Установка сероочистки", "level": 2, "parent": 6, "category": 7, "is_deleted": false, "created_by": 2, "created_at": "2026-06-08T07:19:00.000Z", "updated_at": "2026-06-08T07:19:00.000Z"}},
  {"model": "objects.object", "pk": 22, "fields": {"name": "Цех синтеза аммиака", "level": 2, "parent": 9, "category": 7, "is_deleted": false, "created_by": 2, "created_at": "2026-06-08T07:20:00.000Z", "updated_at": "2026-06-08T07:20:00.000Z"}},
  {"model": "objects.object", "pk": 23, "fields": {"name": "Склад минеральных удобрений", "level": 2, "parent": 10, "category": 11, "is_deleted": false, "created_by": 2, "created_at": "2026-06-08T07:21:00.000Z", "updated_at": "2026-06-08T07:21:00.000Z"}},
  {"model": "objects.object", "pk": 24, "fields": {"name": "Цех грануляции карбамида", "level": 2, "parent": 11, "category": 7, "is_deleted": false, "created_by": 1, "created_at": "2026-06-08T07:22:00.000Z", "updated_at": "2026-06-08T07:22:00.000Z"}},

  {"model": "objects.object", "pk": 25, "fields": {"name": "Колонна атмосферной перегонки К-1", "level": 3, "parent": 12, "category": 12, "is_deleted": false, "created_by": 1, "created_at": "2026-06-08T07:30:00.000Z", "updated_at": "2026-06-08T07:30:00.000Z"}},
  {"model": "objects.object", "pk": 26, "fields": {"name": "Колонна атмосферной перегонки К-2", "level": 3, "parent": 12, "category": 12, "is_deleted": false, "created_by": 1, "created_at": "2026-06-08T07:31:00.000Z", "updated_at": "2026-06-08T07:31:00.000Z"}},
  {"model": "objects.object", "pk": 27, "fields": {"name": "Вакуумная колонна КВ-1", "level": 3, "parent": 12, "category": 13, "is_deleted": false, "created_by": 1, "created_at": "2026-06-08T07:32:00.000Z", "updated_at": "2026-06-08T07:32:00.000Z"}},
  {"model": "objects.object", "pk": 28, "fields": {"name": "Реактор каталитического крекинга Р-101", "level": 3, "parent": 13, "category": 14, "is_deleted": false, "created_by": 1, "created_at": "2026-06-08T07:33:00.000Z", "updated_at": "2026-06-08T07:33:00.000Z"}},
  {"model": "objects.object", "pk": 29, "fields": {"name": "Регенератор катализатора РГ-101", "level": 3, "parent": 13, "category": 14, "is_deleted": false, "created_by": 1, "created_at": "2026-06-08T07:34:00.000Z", "updated_at": "2026-06-08T07:34:00.000Z"}},
  {"model": "objects.object", "pk": 30, "fields": {"name": "Реактор гидрокрекинга Р-201", "level": 3, "parent": 2, "category": 15, "is_deleted": false, "created_by": 1, "created_at": "2026-06-08T07:35:00.000Z", "updated_at": "2026-06-08T07:35:00.000Z"}},
  {"model": "objects.object", "pk": 31, "fields": {"name": "Реактор каталитического реформинга Р-301", "level": 3, "parent": 2, "category": 16, "is_deleted": false, "created_by": 1, "created_at": "2026-06-08T07:36:00.000Z", "updated_at": "2026-06-08T07:36:00.000Z"}},
  {"model": "objects.object", "pk": 32, "fields": {"name": "Реактор полимеризации ПЭ-1", "level": 3, "parent": 19, "category": 17, "is_deleted": false, "created_by": 2, "created_at": "2026-06-08T07:37:00.000Z", "updated_at": "2026-06-08T07:37:00.000Z"}},
  {"model": "objects.object", "pk": 33, "fields": {"name": "Экструдер полимерной линии ЭК-3", "level": 3, "parent": 19, "category": 17, "is_deleted": false, "created_by": 2, "created_at": "2026-06-08T07:38:00.000Z", "updated_at": "2026-06-08T07:38:00.000Z"}},
  {"model": "objects.object", "pk": 34, "fields": {"name": "Печь пиролиза ПП-5", "level": 3, "parent": 18, "category": 14, "is_deleted": false, "created_by": 1, "created_at": "2026-06-08T07:39:00.000Z", "updated_at": "2026-06-08T07:39:00.000Z"}},
  {"model": "objects.object", "pk": 35, "fields": {"name": "Колонна разделения пирогаза КР-2", "level": 3, "parent": 18, "category": 12, "is_deleted": false, "created_by": 1, "created_at": "2026-06-08T07:40:00.000Z", "updated_at": "2026-06-08T07:40:00.000Z"}},
  {"model": "objects.object", "pk": 36, "fields": {"name": "Абсорбер сероочистки А-1", "level": 3, "parent": 21, "category": 13, "is_deleted": false, "created_by": 2, "created_at": "2026-06-08T07:41:00.000Z", "updated_at": "2026-06-08T07:41:00.000Z"}},
  {"model": "objects.object", "pk": 37, "fields": {"name": "Реактор синтеза аммиака РС-4", "level": 3, "parent": 22, "category": 16, "is_deleted": false, "created_by": 2, "created_at": "2026-06-08T07:42:00.000Z", "updated_at": "2026-06-08T07:42:00.000Z"}},
  {"model": "objects.object", "pk": 38, "fields": {"name": "Гранулятор карбамида ГК-2", "level": 3, "parent": 24, "category": 17, "is_deleted": false, "created_by": 1, "created_at": "2026-06-08T07:43:00.000Z", "updated_at": "2026-06-08T07:43:00.000Z"}}
]