[
{
  "model": "admin.logentry",
  "pk": 1,
  "fields": {
    "action_time": "2026-06-16T04:55:36.571Z",
    "user": 1,
    "content_type": 13,
    "object_id": "6",
    "object_repr": "L2 - АСУТП",
    "action_flag": 1,
    "change_message": "[{\"added\": {}}]"
  }
},
{
  "model": "admin.logentry",
  "pk": 2,
  "fields": {
    "action_time": "2026-06-16T04:56:17.023Z",
    "user": 1,
    "content_type": 13,
    "object_id": "7",
    "object_repr": "L2 - СУУТП",
    "action_flag": 1,
    "change_message": "[{\"added\": {}}]"
  }
},
{
  "model": "admin.logentry",
  "pk": 3,
  "fields": {
    "action_time": "2026-06-16T04:58:13.385Z",
    "user": 1,
    "content_type": 13,
    "object_id": "8",
    "object_repr": "L3 - APS",
    "action_flag": 1,
    "change_message": "[{\"added\": {}}]"
  }
},
{
  "model": "admin.logentry",
  "pk": 4,
  "fields": {
    "action_time": "2026-06-16T04:58:51.436Z",
    "user": 1,
    "content_type": 13,
    "object_id": "9",
    "object_repr": "L2 - ТОиР",
    "action_flag": 1,
    "change_message": "[{\"added\": {}}]"
  }
},
{
  "model": "admin.logentry",
  "pk": 5,
  "fields": {
    "action_time": "2026-06-16T04:59:16.128Z",
    "user": 1,
    "content_type": 13,
    "object_id": "10",
    "object_repr": "L2 - BMS",
    "action_flag": 1,
    "change_message": "[{\"added\": {}}]"
  }
},
{
  "model": "admin.logentry",
  "pk": 6,
  "fields": {
    "action_time": "2026-06-16T04:59:52.763Z",
    "user": 1,
    "content_type": 13,
    "object_id": "11",
    "object_repr": "L3 - WMS",
    "action_flag": 1,
    "change_message": "[{\"added\": {}}]"
  }
},
{
  "model": "admin.logentry",
  "pk": 7,
  "fields": {
    "action_time": "2026-06-16T04:59:59.616Z",
    "user": 1,
    "content_type": 13,
    "object_id": "10",
    "object_repr": "L3 - BMS",
    "action_flag": 2,
    "change_message": "[{\"changed\": {\"fields\": [\"\\u0423\\u0440\\u043e\\u0432\\u0435\\u043d\\u044c \\u0430\\u0432\\u0442\\u043e\\u043c\\u0430\\u0442\\u0438\\u0437\\u0430\\u0446\\u0438\\u0438\"]}}]"
  }
},
{
  "model": "admin.logentry",
  "pk": 8,
  "fields": {
    "action_time": "2026-06-16T05:02:55.695Z",
    "user": 1,
    "content_type": 13,
    "object_id": "12",
    "object_repr": "L3 - PLM",
    "action_flag": 1,
    "change_message": "[{\"added\": {}}]"
  }
},
{
  "model": "admin.logentry",
  "pk": 9,
  "fields": {
    "action_time": "2026-06-16T05:03:20.810Z",
    "user": 1,
    "content_type": 13,
    "object_id": "6",
    "object_repr": "L2 - АСУТП",
    "action_flag": 2,
    "change_message": "[{\"changed\": {\"fields\": [\"\\u041e\\u043f\\u0438\\u0441\\u0430\\u043d\\u0438\\u0435\"]}}]"
  }
},
{
  "model": "admin.logentry",
  "pk": 10,
  "fields": {
    "action_time": "2026-06-16T05:03:59.760Z",
    "user": 1,
    "content_type": 13,
    "object_id": "7",
    "object_repr": "L2 - СУУТП",
    "action_flag": 2,
    "change_message": "[{\"changed\": {\"fields\": [\"\\u041e\\u043f\\u0438\\u0441\\u0430\\u043d\\u0438\\u0435\"]}}]"
  }
},
{
  "model": "admin.logentry",
  "pk": 11,
  "fields": {
    "action_time": "2026-06-16T05:04:35.440Z",
    "user": 1,
    "content_type": 13,
    "object_id": "9",
    "object_repr": "L2 - ТОИР",
    "action_flag": 2,
    "change_message": "[{\"changed\": {\"fields\": [\"\\u041a\\u043b\\u0430\\u0441\\u0441 \\u0441\\u0438\\u0441\\u0442\\u0435\\u043c\\u044b\", \"\\u041e\\u043f\\u0438\\u0441\\u0430\\u043d\\u0438\\u0435\"]}}]"
  }
},
{
  "model": "admin.logentry",
  "pk": 12,
  "fields": {
    "action_time": "2026-06-16T05:04:47.183Z",
    "user": 1,
    "content_type": 13,
    "object_id": "10",
    "object_repr": "L3 - BMS",
    "action_flag": 2,
    "change_message": "[{\"changed\": {\"fields\": [\"\\u041e\\u043f\\u0438\\u0441\\u0430\\u043d\\u0438\\u0435\"]}}]"
  }
},
{
  "model": "admin.logentry",
  "pk": 13,
  "fields": {
    "action_time": "2026-06-16T05:05:02.356Z",
    "user": 1,
    "content_type": 13,
    "object_id": "11",
    "object_repr": "L3 - WMS",
    "action_flag": 2,
    "change_message": "[{\"changed\": {\"fields\": [\"\\u041e\\u043f\\u0438\\u0441\\u0430\\u043d\\u0438\\u0435\"]}}]"
  }
},
{
  "model": "admin.logentry",
  "pk": 14,
  "fields": {
    "action_time": "2026-06-16T07:26:25.533Z",
    "user": 1,
    "content_type": 13,
    "object_id": "9",
    "object_repr": "L3 - ТОИР",
    "action_flag": 2,
    "change_message": "[{\"changed\": {\"fields\": [\"\\u0423\\u0440\\u043e\\u0432\\u0435\\u043d\\u044c \\u0430\\u0432\\u0442\\u043e\\u043c\\u0430\\u0442\\u0438\\u0437\\u0430\\u0446\\u0438\\u0438\"]}}]"
  }
},
{
  "model": "auth.permission",
  "pk": 1,
  "fields": {
    "name": "Can add log entry",
    "content_type": 1,
    "codename": "add_logentry"
  }
},
{
  "model": "auth.permission",
  "pk": 2,
  "fields": {
    "name": "Can change log entry",
    "content_type": 1,
    "codename": "change_logentry"
  }
},
{
  "model": "auth.permission",
  "pk": 3,
  "fields": {
    "name": "Can delete log entry",
    "content_type": 1,
    "codename": "delete_logentry"
  }
},
{
  "model": "auth.permission",
  "pk": 4,
  "fields": {
    "name": "Can view log entry",
    "content_type": 1,
    "codename": "view_logentry"
  }
},
{
  "model": "auth.permission",
  "pk": 5,
  "fields": {
    "name": "Can add permission",
    "content_type": 3,
    "codename": "add_permission"
  }
},
{
  "model": "auth.permission",
  "pk": 6,
  "fields": {
    "name": "Can change permission",
    "content_type": 3,
    "codename": "change_permission"
  }
},
{
  "model": "auth.permission",
  "pk": 7,
  "fields": {
    "name": "Can delete permission",
    "content_type": 3,
    "codename": "delete_permission"
  }
},
{
  "model": "auth.permission",
  "pk": 8,
  "fields": {
    "name": "Can view permission",
    "content_type": 3,
    "codename": "view_permission"
  }
},
{
  "model": "auth.permission",
  "pk": 9,
  "fields": {
    "name": "Can add group",
    "content_type": 2,
    "codename": "add_group"
  }
},
{
  "model": "auth.permission",
  "pk": 10,
  "fields": {
    "name": "Can change group",
    "content_type": 2,
    "codename": "change_group"
  }
},
{
  "model": "auth.permission",
  "pk": 11,
  "fields": {
    "name": "Can delete group",
    "content_type": 2,
    "codename": "delete_group"
  }
},
{
  "model": "auth.permission",
  "pk": 12,
  "fields": {
    "name": "Can view group",
    "content_type": 2,
    "codename": "view_group"
  }
},
{
  "model": "auth.permission",
  "pk": 13,
  "fields": {
    "name": "Can add user",
    "content_type": 4,
    "codename": "add_user"
  }
},
{
  "model": "auth.permission",
  "pk": 14,
  "fields": {
    "name": "Can change user",
    "content_type": 4,
    "codename": "change_user"
  }
},
{
  "model": "auth.permission",
  "pk": 15,
  "fields": {
    "name": "Can delete user",
    "content_type": 4,
    "codename": "delete_user"
  }
},
{
  "model": "auth.permission",
  "pk": 16,
  "fields": {
    "name": "Can view user",
    "content_type": 4,
    "codename": "view_user"
  }
},
{
  "model": "auth.permission",
  "pk": 17,
  "fields": {
    "name": "Can add content type",
    "content_type": 5,
    "codename": "add_contenttype"
  }
},
{
  "model": "auth.permission",
  "pk": 18,
  "fields": {
    "name": "Can change content type",
    "content_type": 5,
    "codename": "change_contenttype"
  }
},
{
  "model": "auth.permission",
  "pk": 19,
  "fields": {
    "name": "Can delete content type",
    "content_type": 5,
    "codename": "delete_contenttype"
  }
},
{
  "model": "auth.permission",
  "pk": 20,
  "fields": {
    "name": "Can view content type",
    "content_type": 5,
    "codename": "view_contenttype"
  }
},
{
  "model": "auth.permission",
  "pk": 21,
  "fields": {
    "name": "Can add session",
    "content_type": 6,
    "codename": "add_session"
  }
},
{
  "model": "auth.permission",
  "pk": 22,
  "fields": {
    "name": "Can change session",
    "content_type": 6,
    "codename": "change_session"
  }
},
{
  "model": "auth.permission",
  "pk": 23,
  "fields": {
    "name": "Can delete session",
    "content_type": 6,
    "codename": "delete_session"
  }
},
{
  "model": "auth.permission",
  "pk": 24,
  "fields": {
    "name": "Can view session",
    "content_type": 6,
    "codename": "view_session"
  }
},
{
  "model": "auth.permission",
  "pk": 25,
  "fields": {
    "name": "Can add Blacklisted Token",
    "content_type": 7,
    "codename": "add_blacklistedtoken"
  }
},
{
  "model": "auth.permission",
  "pk": 26,
  "fields": {
    "name": "Can change Blacklisted Token",
    "content_type": 7,
    "codename": "change_blacklistedtoken"
  }
},
{
  "model": "auth.permission",
  "pk": 27,
  "fields": {
    "name": "Can delete Blacklisted Token",
    "content_type": 7,
    "codename": "delete_blacklistedtoken"
  }
},
{
  "model": "auth.permission",
  "pk": 28,
  "fields": {
    "name": "Can view Blacklisted Token",
    "content_type": 7,
    "codename": "view_blacklistedtoken"
  }
},
{
  "model": "auth.permission",
  "pk": 29,
  "fields": {
    "name": "Can add Outstanding Token",
    "content_type": 8,
    "codename": "add_outstandingtoken"
  }
},
{
  "model": "auth.permission",
  "pk": 30,
  "fields": {
    "name": "Can change Outstanding Token",
    "content_type": 8,
    "codename": "change_outstandingtoken"
  }
},
{
  "model": "auth.permission",
  "pk": 31,
  "fields": {
    "name": "Can delete Outstanding Token",
    "content_type": 8,
    "codename": "delete_outstandingtoken"
  }
},
{
  "model": "auth.permission",
  "pk": 32,
  "fields": {
    "name": "Can view Outstanding Token",
    "content_type": 8,
    "codename": "view_outstandingtoken"
  }
},
{
  "model": "auth.permission",
  "pk": 33,
  "fields": {
    "name": "Can add object",
    "content_type": 9,
    "codename": "add_object"
  }
},
{
  "model": "auth.permission",
  "pk": 34,
  "fields": {
    "name": "Can change object",
    "content_type": 9,
    "codename": "change_object"
  }
},
{
  "model": "auth.permission",
  "pk": 35,
  "fields": {
    "name": "Can delete object",
    "content_type": 9,
    "codename": "delete_object"
  }
},
{
  "model": "auth.permission",
  "pk": 36,
  "fields": {
    "name": "Can view object",
    "content_type": 9,
    "codename": "view_object"
  }
},
{
  "model": "auth.permission",
  "pk": 37,
  "fields": {
    "name": "Can add Система на объекте",
    "content_type": 10,
    "codename": "add_objectsystem"
  }
},
{
  "model": "auth.permission",
  "pk": 38,
  "fields": {
    "name": "Can change Система на объекте",
    "content_type": 10,
    "codename": "change_objectsystem"
  }
},
{
  "model": "auth.permission",
  "pk": 39,
  "fields": {
    "name": "Can delete Система на объекте",
    "content_type": 10,
    "codename": "delete_objectsystem"
  }
},
{
  "model": "auth.permission",
  "pk": 40,
  "fields": {
    "name": "Can view Система на объекте",
    "content_type": 10,
    "codename": "view_objectsystem"
  }
},
{
  "model": "auth.permission",
  "pk": 41,
  "fields": {
    "name": "Can add Category",
    "content_type": 11,
    "codename": "add_category"
  }
},
{
  "model": "auth.permission",
  "pk": 42,
  "fields": {
    "name": "Can change Category",
    "content_type": 11,
    "codename": "change_category"
  }
},
{
  "model": "auth.permission",
  "pk": 43,
  "fields": {
    "name": "Can delete Category",
    "content_type": 11,
    "codename": "delete_category"
  }
},
{
  "model": "auth.permission",
  "pk": 44,
  "fields": {
    "name": "Can view Category",
    "content_type": 11,
    "codename": "view_category"
  }
},
{
  "model": "auth.permission",
  "pk": 45,
  "fields": {
    "name": "Can add Класс автоматизации",
    "content_type": 13,
    "codename": "add_automationclass"
  }
},
{
  "model": "auth.permission",
  "pk": 46,
  "fields": {
    "name": "Can change Класс автоматизации",
    "content_type": 13,
    "codename": "change_automationclass"
  }
},
{
  "model": "auth.permission",
  "pk": 47,
  "fields": {
    "name": "Can delete Класс автоматизации",
    "content_type": 13,
    "codename": "delete_automationclass"
  }
},
{
  "model": "auth.permission",
  "pk": 48,
  "fields": {
    "name": "Can view Класс автоматизации",
    "content_type": 13,
    "codename": "view_automationclass"
  }
},
{
  "model": "auth.permission",
  "pk": 49,
  "fields": {
    "name": "Can add Автоматизированная система",
    "content_type": 12,
    "codename": "add_automatedsystem"
  }
},
{
  "model": "auth.permission",
  "pk": 50,
  "fields": {
    "name": "Can change Автоматизированная система",
    "content_type": 12,
    "codename": "change_automatedsystem"
  }
},
{
  "model": "auth.permission",
  "pk": 51,
  "fields": {
    "name": "Can delete Автоматизированная система",
    "content_type": 12,
    "codename": "delete_automatedsystem"
  }
},
{
  "model": "auth.permission",
  "pk": 52,
  "fields": {
    "name": "Can view Автоматизированная система",
    "content_type": 12,
    "codename": "view_automatedsystem"
  }
},
{
  "model": "auth.permission",
  "pk": 53,
  "fields": {
    "name": "Can add Юридическое лицо",
    "content_type": 14,
    "codename": "add_ownerentity"
  }
},
{
  "model": "auth.permission",
  "pk": 54,
  "fields": {
    "name": "Can change Юридическое лицо",
    "content_type": 14,
    "codename": "change_ownerentity"
  }
},
{
  "model": "auth.permission",
  "pk": 55,
  "fields": {
    "name": "Can delete Юридическое лицо",
    "content_type": 14,
    "codename": "delete_ownerentity"
  }
},
{
  "model": "auth.permission",
  "pk": 56,
  "fields": {
    "name": "Can view Юридическое лицо",
    "content_type": 14,
    "codename": "view_ownerentity"
  }
},
{
  "model": "auth.permission",
  "pk": 57,
  "fields": {
    "name": "Can add Участник рынка",
    "content_type": 15,
    "codename": "add_participant"
  }
},
{
  "model": "auth.permission",
  "pk": 58,
  "fields": {
    "name": "Can change Участник рынка",
    "content_type": 15,
    "codename": "change_participant"
  }
},
{
  "model": "auth.permission",
  "pk": 59,
  "fields": {
    "name": "Can delete Участник рынка",
    "content_type": 15,
    "codename": "delete_participant"
  }
},
{
  "model": "auth.permission",
  "pk": 60,
  "fields": {
    "name": "Can view Участник рынка",
    "content_type": 15,
    "codename": "view_participant"
  }
},
{
  "model": "auth.user",
  "pk": 1,
  "fields": {
    "password": "pbkdf2_sha256$1200000$uZJodywj5Du37fQQA7Fcpb$bzApJMDLu+RxZXi3AkpZns78zpmuSovR4OnT0ISim+4=",
    "last_login": "2026-06-22T05:46:43.481Z",
    "is_superuser": true,
    "username": "admin",
    "first_name": "",
    "last_name": "",
    "email": "",
    "is_staff": true,
    "is_active": true,
    "date_joined": "2026-01-01T00:00:00Z",
    "groups": [],
    "user_permissions": []
  }
},
{
  "model": "auth.user",
  "pk": 2,
  "fields": {
    "password": "pbkdf2_sha256$1200000$J7snOkHRtAOC3ArVrVIZt7$3pSfIzd8E/AegUYwjvBarLWfy9r2GAn2YLOZGOzOiH8=",
    "last_login": "2026-06-16T07:27:45.108Z",
    "is_superuser": false,
    "username": "К Самойлов",
    "first_name": "",
    "last_name": "",
    "email": "",
    "is_staff": false,
    "is_active": true,
    "date_joined": "2026-06-16T07:27:44.627Z",
    "groups": [],
    "user_permissions": []
  }
},
{
  "model": "contenttypes.contenttype",
  "pk": 1,
  "fields": {
    "app_label": "admin",
    "model": "logentry"
  }
},
{
  "model": "contenttypes.contenttype",
  "pk": 2,
  "fields": {
    "app_label": "auth",
    "model": "group"
  }
},
{
  "model": "contenttypes.contenttype",
  "pk": 3,
  "fields": {
    "app_label": "auth",
    "model": "permission"
  }
},
{
  "model": "contenttypes.contenttype",
  "pk": 4,
  "fields": {
    "app_label": "auth",
    "model": "user"
  }
},
{
  "model": "contenttypes.contenttype",
  "pk": 5,
  "fields": {
    "app_label": "contenttypes",
    "model": "contenttype"
  }
},
{
  "model": "contenttypes.contenttype",
  "pk": 6,
  "fields": {
    "app_label": "sessions",
    "model": "session"
  }
},
{
  "model": "contenttypes.contenttype",
  "pk": 7,
  "fields": {
    "app_label": "token_blacklist",
    "model": "blacklistedtoken"
  }
},
{
  "model": "contenttypes.contenttype",
  "pk": 8,
  "fields": {
    "app_label": "token_blacklist",
    "model": "outstandingtoken"
  }
},
{
  "model": "contenttypes.contenttype",
  "pk": 9,
  "fields": {
    "app_label": "objects",
    "model": "object"
  }
},
{
  "model": "contenttypes.contenttype",
  "pk": 10,
  "fields": {
    "app_label": "objects",
    "model": "objectsystem"
  }
},
{
  "model": "contenttypes.contenttype",
  "pk": 11,
  "fields": {
    "app_label": "categories",
    "model": "category"
  }
},
{
  "model": "contenttypes.contenttype",
  "pk": 12,
  "fields": {
    "app_label": "system",
    "model": "automatedsystem"
  }
},
{
  "model": "contenttypes.contenttype",
  "pk": 13,
  "fields": {
    "app_label": "system",
    "model": "automationclass"
  }
},
{
  "model": "contenttypes.contenttype",
  "pk": 14,
  "fields": {
    "app_label": "owners",
    "model": "ownerentity"
  }
},
{
  "model": "contenttypes.contenttype",
  "pk": 15,
  "fields": {
    "app_label": "participants",
    "model": "participant"
  }
},
{
  "model": "sessions.session",
  "pk": "fhy3tiscvonfltpmmbopi0iw75suexz1",
  "fields": {
    "session_data": ".eJxVjEEOwiAQRe_C2pBOSxl06d4zkIEZpGogKe3KeHfbpAvd_vfefytP65L92mT2E6uLAnX63QLFp5Qd8IPKvepYyzJPQe-KPmjTt8ryuh7u30Gmlrd6GG0UAWMQA7gOolhMHAMngd4FhyABOmJHls84mBGTGbDfNHLMDtXnC-9POEI:1wbXUZ:pnE51qEUWaJ6cqSI2cvLkYwmrG_K5q0PDNnBkoqRPVA",
    "expire_date": "2026-07-06T05:46:43.489Z"
  }
},
{
  "model": "sessions.session",
  "pk": "nlv141t1x0872x54zoteypsel0llh730",
  "fields": {
    "session_data": ".eJxVjMsOwiAUBf-FtSFQChSX7v0GcnsftmogKe3K-O_apAvdnpk5L5VhW6e8NV7yTOqsOnX63UbAB5cd0B3KrWqsZV3mUe-KPmjT10r8vBzu38EEbfrWIgMZh9iRMHhCsUg2IgZO4PtIvUmjCZY9JO7Q-Ygc3UBB-hSsJFLvDyN7OQY:1wZOD3:d8iYhBJoA_kqk4sLmTxCsB-ynRemrNLWNjHO3DHuyW4",
    "expire_date": "2026-06-30T07:27:45.113Z"
  }
},
{
  "model": "owners.ownerentity",
  "pk": 1,
  "fields": {
    "owner_name": "ПАО «НК „Роснефть“»",
    "owner": null,
    "ultimate_owner": null
  }
},
{
  "model": "participants.participant",
  "pk": 1,
  "fields": {
    "participant_name": "ООО \"Автоматика\""
  }
},
{
  "model": "objects.object",
  "pk": 1,
  "fields": {
    "name": "Омский НПЗ",
    "level": 1,
    "parent": null,
    "category": 1,
    "owner_entity": 1,
    "is_deleted": false,
    "creator_id": 1,
    "created_at": "2026-01-01T10:00:00Z",
    "updated_at": "2026-06-22T05:59:21.879Z"
  }
},
{
  "model": "objects.object",
  "pk": 2,
  "fields": {
    "name": "Тобольск-Полимер",
    "level": 1,
    "parent": null,
    "category": 2,
    "owner_entity": null,
    "is_deleted": false,
    "creator_id": 1,
    "created_at": "2026-01-01T10:00:00Z",
    "updated_at": "2026-01-01T10:00:00Z"
  }
},
{
  "model": "objects.object",
  "pk": 3,
  "fields": {
    "name": "Ямал СПГ",
    "level": 1,
    "parent": null,
    "category": 3,
    "owner_entity": 1,
    "is_deleted": false,
    "creator_id": 1,
    "created_at": "2026-01-01T10:00:00Z",
    "updated_at": "2026-06-22T06:45:20.274Z"
  }
},
{
  "model": "objects.object",
  "pk": 4,
  "fields": {
    "name": "Цех №10 (АВТ)",
    "level": 2,
    "parent": 1,
    "category": 13,
    "owner_entity": null,
    "is_deleted": false,
    "creator_id": 1,
    "created_at": "2026-01-01T11:00:00Z",
    "updated_at": "2026-01-01T11:00:00Z"
  }
},
{
  "model": "objects.object",
  "pk": 5,
  "fields": {
    "name": "Установка Пиролиза",
    "level": 2,
    "parent": 2,
    "category": 13,
    "owner_entity": null,
    "is_deleted": false,
    "creator_id": 1,
    "created_at": "2026-01-01T11:00:00Z",
    "updated_at": "2026-01-01T11:00:00Z"
  }
},
{
  "model": "objects.object",
  "pk": 6,
  "fields": {
    "name": "Линия сжижения газа №1",
    "level": 2,
    "parent": 3,
    "category": 13,
    "owner_entity": null,
    "is_deleted": false,
    "creator_id": 1,
    "created_at": "2026-01-01T11:00:00Z",
    "updated_at": "2026-01-01T11:00:00Z"
  }
},
{
  "model": "objects.object",
  "pk": 7,
  "fields": {
    "name": "Резервуарный парк",
    "level": 2,
    "parent": 1,
    "category": 17,
    "owner_entity": null,
    "is_deleted": false,
    "creator_id": 1,
    "created_at": "2026-01-01T11:00:00Z",
    "updated_at": "2026-01-01T11:00:00Z"
  }
},
{
  "model": "objects.object",
  "pk": 8,
  "fields": {
    "name": "Колонна К-101",
    "level": 3,
    "parent": 4,
    "category": 18,
    "owner_entity": null,
    "is_deleted": false,
    "creator_id": 1,
    "created_at": "2026-01-01T12:00:00Z",
    "updated_at": "2026-01-01T12:00:00Z"
  }
},
{
  "model": "objects.object",
  "pk": 9,
  "fields": {
    "name": "Реактор Р-201",
    "level": 3,
    "parent": 5,
    "category": 23,
    "owner_entity": null,
    "is_deleted": false,
    "creator_id": 1,
    "created_at": "2026-01-01T12:00:00Z",
    "updated_at": "2026-01-01T12:00:00Z"
  }
},
{
  "model": "objects.object",
  "pk": 10,
  "fields": {
    "name": "Компрессорный агрегат",
    "level": 3,
    "parent": 6,
    "category": 33,
    "owner_entity": null,
    "is_deleted": false,
    "creator_id": 1,
    "created_at": "2026-01-01T12:00:00Z",
    "updated_at": "2026-01-01T12:00:00Z"
  }
},
{
  "model": "objects.object",
  "pk": 11,
  "fields": {
    "name": "тест",
    "level": 1,
    "parent": null,
    "category": null,
    "owner_entity": null,
    "is_deleted": true,
    "creator_id": 1,
    "created_at": "2026-06-16T04:23:33.561Z",
    "updated_at": "2026-06-16T04:23:41.045Z"
  }
},
{
  "model": "objects.object",
  "pk": 12,
  "fields": {
    "name": "тест",
    "level": 2,
    "parent": 3,
    "category": 14,
    "owner_entity": null,
    "is_deleted": true,
    "creator_id": 1,
    "created_at": "2026-06-16T05:38:26.457Z",
    "updated_at": "2026-06-16T05:38:33.248Z"
  }
},
{
  "model": "objects.object",
  "pk": 13,
  "fields": {
    "name": "СНПЗ",
    "level": 1,
    "parent": null,
    "category": 1,
    "owner_entity": null,
    "is_deleted": false,
    "creator_id": 2,
    "created_at": "2026-06-16T07:30:31.293Z",
    "updated_at": "2026-06-16T07:30:31.293Z"
  }
},
{
  "model": "objects.objectsystem",
  "pk": 1,
  "fields": {
    "object": 1,
    "system": 3,
    "status": "active",
    "implementation_date": "2024-01-01",
    "integrator": 1,
    "implimentor": null
  }
},
{
  "model": "objects.objectsystem",
  "pk": 2,
  "fields": {
    "object": 2,
    "system": 5,
    "status": "active",
    "implementation_date": "2024-02-01",
    "integrator": null,
    "implimentor": null
  }
},
{
  "model": "objects.objectsystem",
  "pk": 3,
  "fields": {
    "object": 4,
    "system": 1,
    "status": "active",
    "implementation_date": "2025-05-10",
    "integrator": null,
    "implimentor": null
  }
},
{
  "model": "objects.objectsystem",
  "pk": 4,
  "fields": {
    "object": 5,
    "system": 2,
    "status": "active",
    "implementation_date": "2025-06-15",
    "integrator": null,
    "implimentor": null
  }
},
{
  "model": "objects.objectsystem",
  "pk": 5,
  "fields": {
    "object": 6,
    "system": 10,
    "status": "active",
    "implementation_date": "2025-08-20",
    "integrator": null,
    "implimentor": null
  }
},
{
  "model": "objects.objectsystem",
  "pk": 6,
  "fields": {
    "object": 4,
    "system": 8,
    "status": "active",
    "implementation_date": "2025-09-01",
    "integrator": null,
    "implimentor": null
  }
},
{
  "model": "objects.objectsystem",
  "pk": 7,
  "fields": {
    "object": 8,
    "system": 9,
    "status": "active",
    "implementation_date": "2025-10-10",
    "integrator": null,
    "implimentor": null
  }
},
{
  "model": "objects.objectsystem",
  "pk": 8,
  "fields": {
    "object": 10,
    "system": 6,
    "status": "planned",
    "implementation_date": "2026-12-01",
    "integrator": null,
    "implimentor": null
  }
},
{
  "model": "objects.objectsystem",
  "pk": 9,
  "fields": {
    "object": 7,
    "system": 7,
    "status": "maintenance",
    "implementation_date": "2023-11-11",
    "integrator": null,
    "implimentor": null
  }
},
{
  "model": "objects.objectsystem",
  "pk": 10,
  "fields": {
    "object": 9,
    "system": 4,
    "status": "active",
    "implementation_date": "2025-12-30",
    "integrator": null,
    "implimentor": null
  }
},
{
  "model": "categories.category",
  "pk": 1,
  "fields": {
    "name": "Нефтепереработка",
    "level": 1,
    "creator_id": 1
  }
},
{
  "model": "categories.category",
  "pk": 2,
  "fields": {
    "name": "Нефтехимия",
    "level": 1,
    "creator_id": 1
  }
},
{
  "model": "categories.category",
  "pk": 3,
  "fields": {
    "name": "Газопереработка",
    "level": 1,
    "creator_id": 1
  }
},
{
  "model": "categories.category",
  "pk": 4,
  "fields": {
    "name": "Газохимия",
    "level": 1,
    "creator_id": 1
  }
},
{
  "model": "categories.category",
  "pk": 5,
  "fields": {
    "name": "Химия",
    "level": 1,
    "creator_id": 1
  }
},
{
  "model": "categories.category",
  "pk": 6,
  "fields": {
    "name": "Химия-удобрение",
    "level": 1,
    "creator_id": 1
  }
},
{
  "model": "categories.category",
  "pk": 7,
  "fields": {
    "name": "Добыча нефти",
    "level": 1,
    "creator_id": 1
  }
},
{
  "model": "categories.category",
  "pk": 8,
  "fields": {
    "name": "Добыча газа",
    "level": 1,
    "creator_id": 1
  }
},
{
  "model": "categories.category",
  "pk": 9,
  "fields": {
    "name": "Добыча руды",
    "level": 1,
    "creator_id": 1
  }
},
{
  "model": "categories.category",
  "pk": 10,
  "fields": {
    "name": "Транспорт",
    "level": 1,
    "creator_id": 1
  }
},
{
  "model": "categories.category",
  "pk": 11,
  "fields": {
    "name": "Пищевая",
    "level": 1,
    "creator_id": 1
  }
},
{
  "model": "categories.category",
  "pk": 12,
  "fields": {
    "name": "Фарма",
    "level": 1,
    "creator_id": 1
  }
},
{
  "model": "categories.category",
  "pk": 13,
  "fields": {
    "name": "Основные",
    "level": 2,
    "creator_id": 1
  }
},
{
  "model": "categories.category",
  "pk": 14,
  "fields": {
    "name": "Вспомогательные",
    "level": 2,
    "creator_id": 1
  }
},
{
  "model": "categories.category",
  "pk": 15,
  "fields": {
    "name": "Общие",
    "level": 2,
    "creator_id": 1
  }
},
{
  "model": "categories.category",
  "pk": 16,
  "fields": {
    "name": "Сырьевые",
    "level": 2,
    "creator_id": 1
  }
},
{
  "model": "categories.category",
  "pk": 17,
  "fields": {
    "name": "Товарные",
    "level": 2,
    "creator_id": 1
  }
},
{
  "model": "categories.category",
  "pk": 18,
  "fields": {
    "name": "Атмосферное разделение",
    "level": 3,
    "creator_id": 1
  }
},
{
  "model": "categories.category",
  "pk": 19,
  "fields": {
    "name": "Вакуумное разделение",
    "level": 3,
    "creator_id": 1
  }
},
{
  "model": "categories.category",
  "pk": 20,
  "fields": {
    "name": "Крекинг каталитический",
    "level": 3,
    "creator_id": 1
  }
},
{
  "model": "categories.category",
  "pk": 21,
  "fields": {
    "name": "Крекинг гидро",
    "level": 3,
    "creator_id": 1
  }
},
{
  "model": "categories.category",
  "pk": 22,
  "fields": {
    "name": "Реформинг",
    "level": 3,
    "creator_id": 1
  }
},
{
  "model": "categories.category",
  "pk": 23,
  "fields": {
    "name": "Полимеризация",
    "level": 3,
    "creator_id": 1
  }
},
{
  "model": "categories.category",
  "pk": 24,
  "fields": {
    "name": "Гидроочистка",
    "level": 3,
    "creator_id": 1
  }
},
{
  "model": "categories.category",
  "pk": 25,
  "fields": {
    "name": "Мокрый катализ",
    "level": 3,
    "creator_id": 1
  }
},
{
  "model": "categories.category",
  "pk": 26,
  "fields": {
    "name": "Грануляция",
    "level": 3,
    "creator_id": 1
  }
},
{
  "model": "categories.category",
  "pk": 27,
  "fields": {
    "name": "Фильтрация",
    "level": 3,
    "creator_id": 1
  }
},
{
  "model": "categories.category",
  "pk": 28,
  "fields": {
    "name": "Электролиз",
    "level": 3,
    "creator_id": 1
  }
},
{
  "model": "categories.category",
  "pk": 29,
  "fields": {
    "name": "Абсорбция",
    "level": 3,
    "creator_id": 1
  }
},
{
  "model": "categories.category",
  "pk": 30,
  "fields": {
    "name": "Стабилизация",
    "level": 3,
    "creator_id": 1
  }
},
{
  "model": "categories.category",
  "pk": 31,
  "fields": {
    "name": "КЦА",
    "level": 3,
    "creator_id": 1
  }
},
{
  "model": "categories.category",
  "pk": 32,
  "fields": {
    "name": "Дробление",
    "level": 3,
    "creator_id": 1
  }
},
{
  "model": "categories.category",
  "pk": 33,
  "fields": {
    "name": "Транспорт (техн)",
    "level": 3,
    "creator_id": 1
  }
},
{
  "model": "categories.category",
  "pk": 34,
  "fields": {
    "name": "Измельчение",
    "level": 3,
    "creator_id": 1
  }
},
{
  "model": "categories.category",
  "pk": 35,
  "fields": {
    "name": "Флотация",
    "level": 3,
    "creator_id": 1
  }
},
{
  "model": "categories.category",
  "pk": 36,
  "fields": {
    "name": "Фильтрация руды",
    "level": 3,
    "creator_id": 1
  }
},
{
  "model": "categories.category",
  "pk": 37,
  "fields": {
    "name": "Катание",
    "level": 3,
    "creator_id": 1
  }
},
{
  "model": "categories.category",
  "pk": 38,
  "fields": {
    "name": "Ковка",
    "level": 3,
    "creator_id": 1
  }
},
{
  "model": "categories.category",
  "pk": 39,
  "fields": {
    "name": "Штамповка",
    "level": 3,
    "creator_id": 1
  }
},
{
  "model": "system.automationclass",
  "pk": 1,
  "fields": {
    "level": 0,
    "system_class": "КИПиА",
    "description": "Датчики и исполнительные механизмы"
  }
},
{
  "model": "system.automationclass",
  "pk": 2,
  "fields": {
    "level": 1,
    "system_class": "ПЛК",
    "description": "Контроллеры и логика"
  }
},
{
  "model": "system.automationclass",
  "pk": 3,
  "fields": {
    "level": 2,
    "system_class": "SCADA/DCS",
    "description": "Визуализация и управление"
  }
},
{
  "model": "system.automationclass",
  "pk": 4,
  "fields": {
    "level": 3,
    "system_class": "MES",
    "description": "Управление производством"
  }
},
{
  "model": "system.automationclass",
  "pk": 5,
  "fields": {
    "level": 4,
    "system_class": "ERP",
    "description": "Бизнес-планирование"
  }
},
{
  "model": "system.automationclass",
  "pk": 6,
  "fields": {
    "level": 2,
    "system_class": "АСУТП",
    "description": "Управление технологическим процессом"
  }
},
{
  "model": "system.automationclass",
  "pk": 7,
  "fields": {
    "level": 2,
    "system_class": "СУУТП",
    "description": "Усовершенствованное управление технологическим процессом"
  }
},
{
  "model": "system.automationclass",
  "pk": 8,
  "fields": {
    "level": 3,
    "system_class": "APS",
    "description": "Планирование производства"
  }
},
{
  "model": "system.automationclass",
  "pk": 9,
  "fields": {
    "level": 3,
    "system_class": "ТОИР",
    "description": "Техобслуживание и ремонт"
  }
},
{
  "model": "system.automationclass",
  "pk": 10,
  "fields": {
    "level": 3,
    "system_class": "BMS",
    "description": "Автоматизация зданий"
  }
},
{
  "model": "system.automationclass",
  "pk": 11,
  "fields": {
    "level": 3,
    "system_class": "WMS",
    "description": "Автоматизация складов и терминалов"
  }
},
{
  "model": "system.automationclass",
  "pk": 12,
  "fields": {
    "level": 3,
    "system_class": "PLM",
    "description": "Система управления жизненным циклом продукта"
  }
},
{
  "model": "system.automatedsystem",
  "pk": 1,
  "fields": {
    "autosystem_name": "Siemens PCS7",
    "system_class": 3,
    "vendor": null,
    "creator_id": 1
  }
},
{
  "model": "system.automatedsystem",
  "pk": 2,
  "fields": {
    "autosystem_name": "Honeywell Experion",
    "system_class": 3,
    "vendor": null,
    "creator_id": 1
  }
},
{
  "model": "system.automatedsystem",
  "pk": 3,
  "fields": {
    "autosystem_name": "SAP S/4HANA",
    "system_class": 5,
    "vendor": null,
    "creator_id": 1
  }
},
{
  "model": "system.automatedsystem",
  "pk": 4,
  "fields": {
    "autosystem_name": "Aspen InfoPlus.21",
    "system_class": 4,
    "vendor": null,
    "creator_id": 1
  }
},
{
  "model": "system.automatedsystem",
  "pk": 5,
  "fields": {
    "autosystem_name": "1C:ERP Производство",
    "system_class": 5,
    "vendor": null,
    "creator_id": 1
  }
},
{
  "model": "system.automatedsystem",
  "pk": 6,
  "fields": {
    "autosystem_name": "Schneider EcoStruxure",
    "system_class": 3,
    "vendor": null,
    "creator_id": 1
  }
},
{
  "model": "system.automatedsystem",
  "pk": 7,
  "fields": {
    "autosystem_name": "Wonderware System Platform",
    "system_class": 3,
    "vendor": null,
    "creator_id": 1
  }
},
{
  "model": "system.automatedsystem",
  "pk": 8,
  "fields": {
    "autosystem_name": "OSIsoft PI System",
    "system_class": 4,
    "vendor": null,
    "creator_id": 1
  }
},
{
  "model": "system.automatedsystem",
  "pk": 9,
  "fields": {
    "autosystem_name": "Emerson DeltaV",
    "system_class": 3,
    "vendor": null,
    "creator_id": 1
  }
},
{
  "model": "system.automatedsystem",
  "pk": 10,
  "fields": {
    "autosystem_name": "Yokogawa CENTUM VP",
    "system_class": 3,
    "vendor": null,
    "creator_id": 1
  }
},
{
  "model": "system.automatedsystem",
  "pk": 11,
  "fields": {
    "autosystem_name": "Датчик №123432",
    "system_class": 1,
    "vendor": null,
    "creator_id": 1
  }
},
{
  "model": "system.automatedsystem",
  "pk": 12,
  "fields": {
    "autosystem_name": "Контроллер №4132",
    "system_class": 2,
    "vendor": null,
    "creator_id": 1
  }
},
{
  "model": "system.automatedsystem",
  "pk": 14,
  "fields": {
    "autosystem_name": "АСУТП Emerson DeltaV",
    "system_class": 6,
    "vendor": null,
    "creator_id": 2
  }
}
]
