[
{
  "model": "auth.user",
  "pk": 1,
  "fields": {
    "password": "pbkdf2_sha256$1200000$z3gS22tiqbycx2LhaEQwKw$Egsy/+SmifH3zxm5EMjZbUGMovNgpEK/1YmeG9CWqgU=",
    "last_login": null,
    "is_superuser": true,
    "username": "admin",
    "first_name": "",
    "last_name": "",
    "email": "",
    "is_staff": true,
    "is_active": true,
    "date_joined": "2026-07-18T09:04:14.009Z",
    "groups": [],
    "user_permissions": []
  }
},
{
  "model": "categories.category",
  "pk": 41,
  "fields": {
    "category_name": "Нефтепереработка",
    "object_level": 1,
    "creator": 1
  }
},
{
  "model": "categories.category",
  "pk": 42,
  "fields": {
    "category_name": "Нефтехимия",
    "object_level": 1,
    "creator": 1
  }
},
{
  "model": "categories.category",
  "pk": 43,
  "fields": {
    "category_name": "Газопереработка",
    "object_level": 1,
    "creator": 1
  }
},
{
  "model": "categories.category",
  "pk": 44,
  "fields": {
    "category_name": "Химия",
    "object_level": 1,
    "creator": 1
  }
},
{
  "model": "categories.category",
  "pk": 45,
  "fields": {
    "category_name": "Добыча нефти",
    "object_level": 1,
    "creator": 1
  }
},
{
  "model": "categories.category",
  "pk": 46,
  "fields": {
    "category_name": "Добыча газа",
    "object_level": 1,
    "creator": 1
  }
},
{
  "model": "categories.category",
  "pk": 47,
  "fields": {
    "category_name": "Металлургия",
    "object_level": 1,
    "creator": 1
  }
},
{
  "model": "categories.category",
  "pk": 48,
  "fields": {
    "category_name": "Энергетика",
    "object_level": 1,
    "creator": 1
  }
},
{
  "model": "categories.category",
  "pk": 49,
  "fields": {
    "category_name": "Пищевая",
    "object_level": 1,
    "creator": 1
  }
},
{
  "model": "categories.category",
  "pk": 50,
  "fields": {
    "category_name": "Фарма",
    "object_level": 1,
    "creator": 1
  }
},
{
  "model": "categories.category",
  "pk": 51,
  "fields": {
    "category_name": "Основное",
    "object_level": 2,
    "creator": 1
  }
},
{
  "model": "categories.category",
  "pk": 52,
  "fields": {
    "category_name": "Вспомогательное",
    "object_level": 2,
    "creator": 1
  }
},
{
  "model": "categories.category",
  "pk": 53,
  "fields": {
    "category_name": "Общее",
    "object_level": 2,
    "creator": 1
  }
},
{
  "model": "categories.category",
  "pk": 54,
  "fields": {
    "category_name": "Крекинг каталитический",
    "object_level": 3,
    "creator": 1
  }
},
{
  "model": "categories.category",
  "pk": 55,
  "fields": {
    "category_name": "Первичная переработка",
    "object_level": 3,
    "creator": 1
  }
},
{
  "model": "categories.category",
  "pk": 56,
  "fields": {
    "category_name": "Стабилизация",
    "object_level": 3,
    "creator": 1
  }
},
{
  "model": "categories.category",
  "pk": 57,
  "fields": {
    "category_name": "Компримирование",
    "object_level": 3,
    "creator": 1
  }
},
{
  "model": "categories.category",
  "pk": 58,
  "fields": {
    "category_name": "Электролиз",
    "object_level": 3,
    "creator": 1
  }
},
{
  "model": "categories.category",
  "pk": 59,
  "fields": {
    "category_name": "Прокатный стан",
    "object_level": 3,
    "creator": 1
  }
},
{
  "model": "categories.category",
  "pk": 60,
  "fields": {
    "category_name": "Котлотурбинный цех",
    "object_level": 3,
    "creator": 1
  }
},
{
  "model": "owners.ownerentity",
  "pk": 13,
  "fields": {
    "owner_name": "ПАО «Нефтехолдинг»",
    "owner": null,
    "ultimate_owner": null,
    "is_root": true,
    "inn": ""
  }
},
{
  "model": "owners.ownerentity",
  "pk": 14,
  "fields": {
    "owner_name": "АО «Уфанефтепереработка»",
    "owner": 13,
    "ultimate_owner": 13,
    "is_root": false,
    "inn": ""
  }
},
{
  "model": "owners.ownerentity",
  "pk": 15,
  "fields": {
    "owner_name": "ПАО «ГазХим»",
    "owner": null,
    "ultimate_owner": null,
    "is_root": true,
    "inn": ""
  }
},
{
  "model": "owners.ownerentity",
  "pk": 16,
  "fields": {
    "owner_name": "ПАО «МеталлЭнерго»",
    "owner": null,
    "ultimate_owner": null,
    "is_root": true,
    "inn": ""
  }
},
{
  "model": "owners.ownerentity",
  "pk": 17,
  "fields": {
    "owner_name": "АО «Уральский меткомбинат»",
    "owner": 16,
    "ultimate_owner": 16,
    "is_root": false,
    "inn": ""
  }
},
{
  "model": "owners.ownerentity",
  "pk": 18,
  "fields": {
    "owner_name": "ООО «ГазХим-Переработка»",
    "owner": 15,
    "ultimate_owner": 15,
    "is_root": false,
    "inn": ""
  }
},
{
  "model": "objects.object",
  "pk": 14,
  "fields": {
    "object_name": "Уфимский НПЗ",
    "object_short_name": "УНПЗ",
    "object_old_name": "Уфимский КНПЗ",
    "object_law_name": "АО «Уфанефтепереработка» — площадка №1",
    "object_class": "Нефтеперерабатывающий завод",
    "hierarchy_level": 1,
    "parent_object": null,
    "category": 51,
    "owner_entity": 14,
    "start_date": "1938-06-01",
    "is_reconstructed": true,
    "capacity": "12 млн т/год",
    "status": "active",
    "notes": "Один из старейших НПЗ России, глубина переработки 84%.",
    "country": "Россия",
    "region": "Республика Башкортостан",
    "city": "Уфа",
    "street": "Промышленная",
    "house": "1",
    "title": "",
    "creator": 1,
    "created_at": "2026-07-18T09:12:49.986Z",
    "updated_at": "2026-07-18T09:12:49.986Z"
  }
},
{
  "model": "objects.object",
  "pk": 15,
  "fields": {
    "object_name": "Цех первичной переработки",
    "object_short_name": "Цех №1",
    "object_old_name": "Цех первичной перегонки",
    "object_law_name": "Цех первичной переработки нефти",
    "object_class": "Технологический цех",
    "hierarchy_level": 2,
    "parent_object": 14,
    "category": 51,
    "owner_entity": 14,
    "start_date": "1938-06-01",
    "is_reconstructed": false,
    "capacity": "6 млн т/год",
    "status": "active",
    "notes": "Первичная перегонка и подготовка сырья.",
    "country": "Россия",
    "region": "Республика Башкортостан",
    "city": "Уфа",
    "street": "Заводская",
    "house": "1",
    "title": "Цех-1",
    "creator": 1,
    "created_at": "2026-07-18T09:12:49.988Z",
    "updated_at": "2026-07-18T09:12:49.988Z"
  }
},
{
  "model": "objects.object",
  "pk": 16,
  "fields": {
    "object_name": "Установка ЭЛОУ-АВТ-6",
    "object_short_name": "ЭЛОУ-АВТ-6",
    "object_old_name": "АВТ-6",
    "object_law_name": "Установка ЭЛОУ-АВТ-6",
    "object_class": "Технологическая установка",
    "hierarchy_level": 3,
    "parent_object": 15,
    "category": 55,
    "owner_entity": 14,
    "start_date": "1975-09-01",
    "is_reconstructed": false,
    "capacity": "6 млн т/год",
    "status": "active",
    "notes": "Электрообессоливание и атмосферно-вакуумная трубчатка.",
    "country": "Россия",
    "region": "Республика Башкортостан",
    "city": "Уфа",
    "street": "Заводская",
    "house": "1",
    "title": "6-АВТ",
    "creator": 1,
    "created_at": "2026-07-18T09:12:49.989Z",
    "updated_at": "2026-07-18T09:12:49.989Z"
  }
},
{
  "model": "objects.object",
  "pk": 17,
  "fields": {
    "object_name": "Установка каталитического крекинга",
    "object_short_name": "ККФ",
    "object_old_name": "Г-43-107",
    "object_law_name": "Установка каталитического крекинга Г-43-107",
    "object_class": "Технологическая установка",
    "hierarchy_level": 3,
    "parent_object": 15,
    "category": 54,
    "owner_entity": 14,
    "start_date": "1985-04-01",
    "is_reconstructed": true,
    "capacity": "2 млн т/год",
    "status": "reconstruction",
    "notes": "Каталитический крекинг вакуумного газойля, идёт модернизация.",
    "country": "Россия",
    "region": "Республика Башкортостан",
    "city": "Уфа",
    "street": "Заводская",
    "house": "1",
    "title": "Г-43-107",
    "creator": 1,
    "created_at": "2026-07-18T09:12:49.991Z",
    "updated_at": "2026-07-18T09:12:49.991Z"
  }
},
{
  "model": "objects.object",
  "pk": 18,
  "fields": {
    "object_name": "Оренбургский ГПЗ",
    "object_short_name": "ОГПЗ",
    "object_old_name": "Оренбургский газзавод",
    "object_law_name": "ПАО «ГазХим» — Оренбургский ГПЗ",
    "object_class": "Газоперерабатывающий завод",
    "hierarchy_level": 1,
    "parent_object": null,
    "category": 51,
    "owner_entity": 15,
    "start_date": "1974-02-01",
    "is_reconstructed": true,
    "capacity": "45 млрд м³/год",
    "status": "active",
    "notes": "Крупнейший в Европе комплекс по переработке газа и конденсата.",
    "country": "Россия",
    "region": "Оренбургская область",
    "city": "Оренбург",
    "street": "Газовиков",
    "house": "10",
    "title": "",
    "creator": 1,
    "created_at": "2026-07-18T09:12:49.992Z",
    "updated_at": "2026-07-18T09:12:49.992Z"
  }
},
{
  "model": "objects.object",
  "pk": 19,
  "fields": {
    "object_name": "Цех компримирования газа",
    "object_short_name": "Цех КГ",
    "object_old_name": "Компрессорная-2",
    "object_law_name": "Цех компримирования газа",
    "object_class": "Технологический цех",
    "hierarchy_level": 2,
    "parent_object": 18,
    "category": 51,
    "owner_entity": 15,
    "start_date": "1976-05-01",
    "is_reconstructed": false,
    "capacity": "20 млрд м³/год",
    "status": "active",
    "notes": "Компримирование и осушка природного газа.",
    "country": "Россия",
    "region": "Оренбургская область",
    "city": "Оренбург",
    "street": "Заводская",
    "house": "1",
    "title": "Цех-К",
    "creator": 1,
    "created_at": "2026-07-18T09:12:49.994Z",
    "updated_at": "2026-07-18T09:12:49.994Z"
  }
},
{
  "model": "objects.object",
  "pk": 20,
  "fields": {
    "object_name": "Установка сероочистки",
    "object_short_name": "У-30",
    "object_old_name": "Клаус-1",
    "object_law_name": "Установка сероочистки У-30",
    "object_class": "Технологическая установка",
    "hierarchy_level": 3,
    "parent_object": 19,
    "category": 57,
    "owner_entity": 15,
    "start_date": "1980-07-01",
    "is_reconstructed": false,
    "capacity": "8 млрд м³/год",
    "status": "active",
    "notes": "Аминовая очистка газа от сероводорода, процесс Клауса.",
    "country": "Россия",
    "region": "Оренбургская область",
    "city": "Оренбург",
    "street": "Заводская",
    "house": "1",
    "title": "У-30",
    "creator": 1,
    "created_at": "2026-07-18T09:12:49.995Z",
    "updated_at": "2026-07-18T09:12:49.995Z"
  }
},
{
  "model": "objects.object",
  "pk": 21,
  "fields": {
    "object_name": "Магнитогорский меткомбинат",
    "object_short_name": "ММК",
    "object_old_name": "Магнитка",
    "object_law_name": "АО «Уральский меткомбинат» — площадка Магнитогорск",
    "object_class": "Металлургический комбинат",
    "hierarchy_level": 1,
    "parent_object": null,
    "category": 51,
    "owner_entity": 17,
    "start_date": "1932-02-01",
    "is_reconstructed": true,
    "capacity": "12,5 млн т стали/год",
    "status": "active",
    "notes": "Полный металлургический цикл: агломерация, домны, прокат.",
    "country": "Россия",
    "region": "Челябинская область",
    "city": "Магнитогорск",
    "street": "Кирова",
    "house": "93",
    "title": "",
    "creator": 1,
    "created_at": "2026-07-18T09:12:49.996Z",
    "updated_at": "2026-07-18T09:12:49.996Z"
  }
},
{
  "model": "objects.object",
  "pk": 22,
  "fields": {
    "object_name": "Стан горячей прокатки 2000",
    "object_short_name": "Стан-2000",
    "object_old_name": "ШСГП",
    "object_law_name": "Стан горячей прокатки 2000",
    "object_class": "Прокатный стан",
    "hierarchy_level": 3,
    "parent_object": 21,
    "category": 59,
    "owner_entity": 17,
    "start_date": "1994-08-01",
    "is_reconstructed": false,
    "capacity": "6 млн т/год",
    "status": "active",
    "notes": "Широкополосный стан горячей прокатки листа.",
    "country": "Россия",
    "region": "Челябинская область",
    "city": "Магнитогорск",
    "street": "Заводская",
    "house": "1",
    "title": "2000 г/п",
    "creator": 1,
    "created_at": "2026-07-18T09:12:49.998Z",
    "updated_at": "2026-07-18T09:12:49.998Z"
  }
},
{
  "model": "objects.object",
  "pk": 23,
  "fields": {
    "object_name": "Челябинская ТЭЦ-3",
    "object_short_name": "ЧТЭЦ-3",
    "object_old_name": "ТЭЦ-3",
    "object_law_name": "ПАО «МеталлЭнерго» — Челябинская ТЭЦ-3",
    "object_class": "Теплоэлектроцентраль",
    "hierarchy_level": 1,
    "parent_object": null,
    "category": 51,
    "owner_entity": 16,
    "start_date": "1996-12-01",
    "is_reconstructed": false,
    "capacity": "360 МВт",
    "status": "active",
    "notes": "Комбинированная выработка электро- и теплоэнергии.",
    "country": "Россия",
    "region": "Челябинская область",
    "city": "Челябинск",
    "street": "Радонежская",
    "house": "21",
    "title": "",
    "creator": 1,
    "created_at": "2026-07-18T09:12:49.999Z",
    "updated_at": "2026-07-18T09:12:49.999Z"
  }
},
{
  "model": "objects.object",
  "pk": 24,
  "fields": {
    "object_name": "Котлотурбинный цех",
    "object_short_name": "КТЦ",
    "object_old_name": "КТЦ-1",
    "object_law_name": "Котлотурбинный цех ТЭЦ-3",
    "object_class": "Энергетический цех",
    "hierarchy_level": 2,
    "parent_object": 23,
    "category": 51,
    "owner_entity": 16,
    "start_date": "1996-12-01",
    "is_reconstructed": false,
    "capacity": "360 МВт",
    "status": "active",
    "notes": "Котлоагрегаты и паровые турбины.",
    "country": "Россия",
    "region": "Челябинская область",
    "city": "Челябинск",
    "street": "Заводская",
    "house": "1",
    "title": "КТЦ",
    "creator": 1,
    "created_at": "2026-07-18T09:12:50.000Z",
    "updated_at": "2026-07-18T09:12:50.000Z"
  }
},
{
  "model": "objects.object",
  "pk": 25,
  "fields": {
    "object_name": "Тобольский нефтехимкомбинат",
    "object_short_name": "ЗапСибНефтехим",
    "object_old_name": "Тобольск-Нефтехим",
    "object_law_name": "ПАО «Нефтехолдинг» — Тобольская площадка",
    "object_class": "Нефтехимический комплекс",
    "hierarchy_level": 1,
    "parent_object": null,
    "category": 51,
    "owner_entity": 13,
    "start_date": "2019-11-01",
    "is_reconstructed": false,
    "capacity": "2 млн т полимеров/год",
    "status": "active",
    "notes": "Пиролиз и производство полиэтилена/полипропилена.",
    "country": "Россия",
    "region": "Тюменская область",
    "city": "Тобольск",
    "street": "Промышленная",
    "house": "5",
    "title": "",
    "creator": 1,
    "created_at": "2026-07-18T09:12:50.002Z",
    "updated_at": "2026-07-18T09:12:50.002Z"
  }
},
{
  "model": "objects.object",
  "pk": 26,
  "fields": {
    "object_name": "Челябинский маслоэкстракционный завод",
    "object_short_name": "МЭЗ",
    "object_old_name": "ЖирКомбинат",
    "object_law_name": "ПАО «МеталлЭнерго» — МЭЗ (непрофильный актив)",
    "object_class": "Пищевое производство",
    "hierarchy_level": 1,
    "parent_object": null,
    "category": 51,
    "owner_entity": 16,
    "start_date": "2008-05-01",
    "is_reconstructed": false,
    "capacity": "500 тыс. т/год",
    "status": "active",
    "notes": "Экстракция растительных масел и фасовка.",
    "country": "Россия",
    "region": "Челябинская область",
    "city": "Челябинск",
    "street": "Копейское шоссе",
    "house": "42",
    "title": "",
    "creator": 1,
    "created_at": "2026-07-18T09:12:50.003Z",
    "updated_at": "2026-07-18T09:12:50.003Z"
  }
},
{
  "model": "objects.objectsystem",
  "pk": 13,
  "fields": {
    "object": 16,
    "system": 13,
    "status": "active",
    "implementation_date": null,
    "implementor": 49
  }
},
{
  "model": "objects.objectsystem",
  "pk": 14,
  "fields": {
    "object": 16,
    "system": 14,
    "status": "active",
    "implementation_date": null,
    "implementor": 52
  }
},
{
  "model": "objects.objectsystem",
  "pk": 15,
  "fields": {
    "object": 17,
    "system": 15,
    "status": "planned",
    "implementation_date": null,
    "implementor": 56
  }
},
{
  "model": "objects.objectsystem",
  "pk": 16,
  "fields": {
    "object": 14,
    "system": 16,
    "status": "active",
    "implementation_date": null,
    "implementor": 54
  }
},
{
  "model": "objects.objectsystem",
  "pk": 17,
  "fields": {
    "object": 18,
    "system": 17,
    "status": "active",
    "implementation_date": null,
    "implementor": 50
  }
},
{
  "model": "objects.objectsystem",
  "pk": 18,
  "fields": {
    "object": 20,
    "system": 18,
    "status": "active",
    "implementation_date": null,
    "implementor": 52
  }
},
{
  "model": "objects.objectsystem",
  "pk": 19,
  "fields": {
    "object": 22,
    "system": 19,
    "status": "active",
    "implementation_date": null,
    "implementor": 62
  }
},
{
  "model": "objects.objectsystem",
  "pk": 20,
  "fields": {
    "object": 22,
    "system": 20,
    "status": "active",
    "implementation_date": null,
    "implementor": 60
  }
},
{
  "model": "objects.objectsystem",
  "pk": 21,
  "fields": {
    "object": 24,
    "system": 21,
    "status": "active",
    "implementation_date": null,
    "implementor": 60
  }
},
{
  "model": "objects.objectsystem",
  "pk": 22,
  "fields": {
    "object": 25,
    "system": 22,
    "status": "active",
    "implementation_date": null,
    "implementor": 56
  }
},
{
  "model": "objects.objectsystem",
  "pk": 23,
  "fields": {
    "object": 25,
    "system": 23,
    "status": "planned",
    "implementation_date": null,
    "implementor": 61
  }
},
{
  "model": "objects.objectsystem",
  "pk": 24,
  "fields": {
    "object": 26,
    "system": 24,
    "status": "active",
    "implementation_date": null,
    "implementor": 51
  }
},
{
  "model": "system.automationclass",
  "pk": 1,
  "fields": {
    "level": 0,
    "system_class": "КИПиА",
    "name_ru": "",
    "description": null,
    "is_composite": false,
    "includes": null
  }
},
{
  "model": "system.automationclass",
  "pk": 2,
  "fields": {
    "level": 1,
    "system_class": "PLC",
    "name_ru": "ПЛК",
    "description": null,
    "is_composite": false,
    "includes": null
  }
},
{
  "model": "system.automationclass",
  "pk": 3,
  "fields": {
    "level": 2,
    "system_class": "SCADA",
    "name_ru": "",
    "description": null,
    "is_composite": false,
    "includes": null
  }
},
{
  "model": "system.automationclass",
  "pk": 4,
  "fields": {
    "level": 2,
    "system_class": "DCS",
    "name_ru": "РСУ",
    "description": null,
    "is_composite": false,
    "includes": null
  }
},
{
  "model": "system.automationclass",
  "pk": 5,
  "fields": {
    "level": 2,
    "system_class": "ESD",
    "name_ru": "ПАЗ",
    "description": null,
    "is_composite": false,
    "includes": null
  }
},
{
  "model": "system.automationclass",
  "pk": 6,
  "fields": {
    "level": 3,
    "system_class": "MES",
    "name_ru": "",
    "description": null,
    "is_composite": false,
    "includes": null
  }
},
{
  "model": "system.automationclass",
  "pk": 7,
  "fields": {
    "level": 3,
    "system_class": "LIMS",
    "name_ru": "",
    "description": null,
    "is_composite": false,
    "includes": null
  }
},
{
  "model": "system.automationclass",
  "pk": 8,
  "fields": {
    "level": 4,
    "system_class": "ERP",
    "name_ru": "",
    "description": null,
    "is_composite": false,
    "includes": null
  }
},
{
  "model": "system.automationclass",
  "pk": 9,
  "fields": {
    "level": 0,
    "system_class": "КИПиА",
    "name_ru": "",
    "description": null,
    "is_composite": false,
    "includes": null
  }
},
{
  "model": "system.automationclass",
  "pk": 10,
  "fields": {
    "level": 1,
    "system_class": "PLC",
    "name_ru": "ПЛК",
    "description": null,
    "is_composite": false,
    "includes": null
  }
},
{
  "model": "system.automationclass",
  "pk": 11,
  "fields": {
    "level": 2,
    "system_class": "SCADA",
    "name_ru": "",
    "description": null,
    "is_composite": false,
    "includes": null
  }
},
{
  "model": "system.automationclass",
  "pk": 12,
  "fields": {
    "level": 2,
    "system_class": "DCS",
    "name_ru": "РСУ",
    "description": null,
    "is_composite": false,
    "includes": null
  }
},
{
  "model": "system.automationclass",
  "pk": 13,
  "fields": {
    "level": 2,
    "system_class": "ESD",
    "name_ru": "ПАЗ",
    "description": null,
    "is_composite": false,
    "includes": null
  }
},
{
  "model": "system.automationclass",
  "pk": 14,
  "fields": {
    "level": 3,
    "system_class": "MES",
    "name_ru": "",
    "description": null,
    "is_composite": false,
    "includes": null
  }
},
{
  "model": "system.automationclass",
  "pk": 15,
  "fields": {
    "level": 3,
    "system_class": "LIMS",
    "name_ru": "",
    "description": null,
    "is_composite": false,
    "includes": null
  }
},
{
  "model": "system.automationclass",
  "pk": 16,
  "fields": {
    "level": 4,
    "system_class": "ERP",
    "name_ru": "",
    "description": null,
    "is_composite": false,
    "includes": null
  }
},
{
  "model": "system.automationclass",
  "pk": 17,
  "fields": {
    "level": 0,
    "system_class": "КИПиА",
    "name_ru": "",
    "description": null,
    "is_composite": false,
    "includes": null
  }
},
{
  "model": "system.automationclass",
  "pk": 18,
  "fields": {
    "level": 1,
    "system_class": "PLC",
    "name_ru": "ПЛК",
    "description": null,
    "is_composite": false,
    "includes": null
  }
},
{
  "model": "system.automationclass",
  "pk": 19,
  "fields": {
    "level": 2,
    "system_class": "SCADA",
    "name_ru": "",
    "description": null,
    "is_composite": false,
    "includes": null
  }
},
{
  "model": "system.automationclass",
  "pk": 20,
  "fields": {
    "level": 2,
    "system_class": "DCS",
    "name_ru": "РСУ",
    "description": null,
    "is_composite": false,
    "includes": null
  }
},
{
  "model": "system.automationclass",
  "pk": 21,
  "fields": {
    "level": 2,
    "system_class": "ESD",
    "name_ru": "ПАЗ",
    "description": null,
    "is_composite": false,
    "includes": null
  }
},
{
  "model": "system.automationclass",
  "pk": 22,
  "fields": {
    "level": 3,
    "system_class": "MES",
    "name_ru": "",
    "description": null,
    "is_composite": false,
    "includes": null
  }
},
{
  "model": "system.automationclass",
  "pk": 23,
  "fields": {
    "level": 3,
    "system_class": "LIMS",
    "name_ru": "",
    "description": null,
    "is_composite": false,
    "includes": null
  }
},
{
  "model": "system.automationclass",
  "pk": 24,
  "fields": {
    "level": 4,
    "system_class": "ERP",
    "name_ru": "",
    "description": null,
    "is_composite": false,
    "includes": null
  }
},
{
  "model": "system.vendorproduct",
  "pk": 33,
  "fields": {
    "product_name": "Siemens PCS 7 V9.1",
    "vendor": 19,
    "product_type": "",
    "system_class": 20,
    "description": "",
    "version": "",
    "release_year": null,
    "end_of_support": null,
    "technical_specs": null,
    "subsystem_classes": [],
    "industries": [
      41,
      42,
      44
    ]
  }
},
{
  "model": "system.vendorproduct",
  "pk": 34,
  "fields": {
    "product_name": "Siemens SIMATIC S7-1500",
    "vendor": 19,
    "product_type": "",
    "system_class": 18,
    "description": "",
    "version": "",
    "release_year": null,
    "end_of_support": null,
    "technical_specs": null,
    "subsystem_classes": [],
    "industries": [
      41,
      48
    ]
  }
},
{
  "model": "system.vendorproduct",
  "pk": 35,
  "fields": {
    "product_name": "Honeywell Experion PKS R520",
    "vendor": 20,
    "product_type": "",
    "system_class": 20,
    "description": "",
    "version": "",
    "release_year": null,
    "end_of_support": null,
    "technical_specs": null,
    "subsystem_classes": [],
    "industries": [
      43,
      41
    ]
  }
},
{
  "model": "system.vendorproduct",
  "pk": 36,
  "fields": {
    "product_name": "Honeywell Safety Manager",
    "vendor": 20,
    "product_type": "",
    "system_class": 21,
    "description": "",
    "version": "",
    "release_year": null,
    "end_of_support": null,
    "technical_specs": null,
    "subsystem_classes": [],
    "industries": [
      43,
      42
    ]
  }
},
{
  "model": "system.vendorproduct",
  "pk": 37,
  "fields": {
    "product_name": "Yokogawa CENTUM VP",
    "vendor": 21,
    "product_type": "",
    "system_class": 20,
    "description": "",
    "version": "",
    "release_year": null,
    "end_of_support": null,
    "technical_specs": null,
    "subsystem_classes": [],
    "industries": [
      42,
      44
    ]
  }
},
{
  "model": "system.vendorproduct",
  "pk": 38,
  "fields": {
    "product_name": "AVEVA System Platform",
    "vendor": 22,
    "product_type": "",
    "system_class": 19,
    "description": "",
    "version": "",
    "release_year": null,
    "end_of_support": null,
    "technical_specs": null,
    "subsystem_classes": [],
    "industries": [
      47,
      48
    ]
  }
},
{
  "model": "system.vendorproduct",
  "pk": 39,
  "fields": {
    "product_name": "AVEVA PI System",
    "vendor": 22,
    "product_type": "",
    "system_class": 22,
    "description": "",
    "version": "",
    "release_year": null,
    "end_of_support": null,
    "technical_specs": null,
    "subsystem_classes": [],
    "industries": [
      47,
      41
    ]
  }
},
{
  "model": "system.vendorproduct",
  "pk": 40,
  "fields": {
    "product_name": "Schneider EcoStruxure Foxboro DCS",
    "vendor": 23,
    "product_type": "",
    "system_class": 20,
    "description": "",
    "version": "",
    "release_year": null,
    "end_of_support": null,
    "technical_specs": null,
    "subsystem_classes": [],
    "industries": [
      44,
      48
    ]
  }
},
{
  "model": "system.vendorproduct",
  "pk": 41,
  "fields": {
    "product_name": "Emerson DeltaV",
    "vendor": 24,
    "product_type": "",
    "system_class": 20,
    "description": "",
    "version": "",
    "release_year": null,
    "end_of_support": null,
    "technical_specs": null,
    "subsystem_classes": [],
    "industries": [
      42,
      50
    ]
  }
},
{
  "model": "system.vendorproduct",
  "pk": 42,
  "fields": {
    "product_name": "Emerson AMS Device Manager",
    "vendor": 24,
    "product_type": "",
    "system_class": 17,
    "description": "",
    "version": "",
    "release_year": null,
    "end_of_support": null,
    "technical_specs": null,
    "subsystem_classes": [],
    "industries": [
      41
    ]
  }
},
{
  "model": "system.vendorproduct",
  "pk": 43,
  "fields": {
    "product_name": "ABB System 800xA",
    "vendor": 25,
    "product_type": "",
    "system_class": 20,
    "description": "",
    "version": "",
    "release_year": null,
    "end_of_support": null,
    "technical_specs": null,
    "subsystem_classes": [],
    "industries": [
      47,
      44,
      48
    ]
  }
},
{
  "model": "system.vendorproduct",
  "pk": 44,
  "fields": {
    "product_name": "ABB Ability Symphony Plus",
    "vendor": 25,
    "product_type": "",
    "system_class": 19,
    "description": "",
    "version": "",
    "release_year": null,
    "end_of_support": null,
    "technical_specs": null,
    "subsystem_classes": [],
    "industries": [
      48
    ]
  }
},
{
  "model": "system.vendorproduct",
  "pk": 45,
  "fields": {
    "product_name": "Rockwell PlantPAx",
    "vendor": 26,
    "product_type": "",
    "system_class": 20,
    "description": "",
    "version": "",
    "release_year": null,
    "end_of_support": null,
    "technical_specs": null,
    "subsystem_classes": [],
    "industries": [
      49,
      44
    ]
  }
},
{
  "model": "system.vendorproduct",
  "pk": 46,
  "fields": {
    "product_name": "Rockwell ControlLogix",
    "vendor": 26,
    "product_type": "",
    "system_class": 18,
    "description": "",
    "version": "",
    "release_year": null,
    "end_of_support": null,
    "technical_specs": null,
    "subsystem_classes": [],
    "industries": [
      47,
      49
    ]
  }
},
{
  "model": "system.vendorproduct",
  "pk": 47,
  "fields": {
    "product_name": "Endress+Hauser Netilion",
    "vendor": 27,
    "product_type": "",
    "system_class": 17,
    "description": "",
    "version": "",
    "release_year": null,
    "end_of_support": null,
    "technical_specs": null,
    "subsystem_classes": [],
    "industries": [
      42,
      50
    ]
  }
},
{
  "model": "system.vendorproduct",
  "pk": 48,
  "fields": {
    "product_name": "Endress+Hauser Memograph",
    "vendor": 27,
    "product_type": "",
    "system_class": 23,
    "description": "",
    "version": "",
    "release_year": null,
    "end_of_support": null,
    "technical_specs": null,
    "subsystem_classes": [],
    "industries": [
      49,
      50
    ]
  }
},
{
  "model": "system.automationsystem",
  "pk": 13,
  "fields": {
    "autosystem_name": "РСУ Уфимского НПЗ",
    "autosystem_short_name": "",
    "system_class": 20,
    "product": 33,
    "system_status": "active",
    "notes": "",
    "release_year": null,
    "technical_specs": null,
    "modules": null,
    "interfaces": null,
    "creator": 1,
    "subsystem_classes": []
  }
},
{
  "model": "system.automationsystem",
  "pk": 14,
  "fields": {
    "autosystem_name": "ПАЗ ЭЛОУ-АВТ-6",
    "autosystem_short_name": "",
    "system_class": 21,
    "product": 36,
    "system_status": "active",
    "notes": "",
    "release_year": null,
    "technical_specs": null,
    "modules": null,
    "interfaces": null,
    "creator": 1,
    "subsystem_classes": []
  }
},
{
  "model": "system.automationsystem",
  "pk": 15,
  "fields": {
    "autosystem_name": "РСУ крекинга",
    "autosystem_short_name": "",
    "system_class": 20,
    "product": 41,
    "system_status": "active",
    "notes": "",
    "release_year": null,
    "technical_specs": null,
    "modules": null,
    "interfaces": null,
    "creator": 1,
    "subsystem_classes": []
  }
},
{
  "model": "system.automationsystem",
  "pk": 16,
  "fields": {
    "autosystem_name": "MES НПЗ",
    "autosystem_short_name": "",
    "system_class": 22,
    "product": 39,
    "system_status": "active",
    "notes": "",
    "release_year": null,
    "technical_specs": null,
    "modules": null,
    "interfaces": null,
    "creator": 1,
    "subsystem_classes": []
  }
},
{
  "model": "system.automationsystem",
  "pk": 17,
  "fields": {
    "autosystem_name": "РСУ ГПЗ",
    "autosystem_short_name": "",
    "system_class": 20,
    "product": 37,
    "system_status": "active",
    "notes": "",
    "release_year": null,
    "technical_specs": null,
    "modules": null,
    "interfaces": null,
    "creator": 1,
    "subsystem_classes": []
  }
},
{
  "model": "system.automationsystem",
  "pk": 18,
  "fields": {
    "autosystem_name": "ПАЗ сероочистки",
    "autosystem_short_name": "",
    "system_class": 21,
    "product": 36,
    "system_status": "active",
    "notes": "",
    "release_year": null,
    "technical_specs": null,
    "modules": null,
    "interfaces": null,
    "creator": 1,
    "subsystem_classes": []
  }
},
{
  "model": "system.automationsystem",
  "pk": 19,
  "fields": {
    "autosystem_name": "АСУ ТП стана 2000",
    "autosystem_short_name": "",
    "system_class": 20,
    "product": 43,
    "system_status": "active",
    "notes": "",
    "release_year": null,
    "technical_specs": null,
    "modules": null,
    "interfaces": null,
    "creator": 1,
    "subsystem_classes": []
  }
},
{
  "model": "system.automationsystem",
  "pk": 20,
  "fields": {
    "autosystem_name": "ПЛК прокатного стана",
    "autosystem_short_name": "",
    "system_class": 18,
    "product": 46,
    "system_status": "active",
    "notes": "",
    "release_year": null,
    "technical_specs": null,
    "modules": null,
    "interfaces": null,
    "creator": 1,
    "subsystem_classes": []
  }
},
{
  "model": "system.automationsystem",
  "pk": 21,
  "fields": {
    "autosystem_name": "АСУ ТП ТЭЦ-3",
    "autosystem_short_name": "",
    "system_class": 19,
    "product": 44,
    "system_status": "active",
    "notes": "",
    "release_year": null,
    "technical_specs": null,
    "modules": null,
    "interfaces": null,
    "creator": 1,
    "subsystem_classes": []
  }
},
{
  "model": "system.automationsystem",
  "pk": 22,
  "fields": {
    "autosystem_name": "РСУ Тобольск",
    "autosystem_short_name": "",
    "system_class": 20,
    "product": 41,
    "system_status": "active",
    "notes": "",
    "release_year": null,
    "technical_specs": null,
    "modules": null,
    "interfaces": null,
    "creator": 1,
    "subsystem_classes": []
  }
},
{
  "model": "system.automationsystem",
  "pk": 23,
  "fields": {
    "autosystem_name": "MES Тобольск",
    "autosystem_short_name": "",
    "system_class": 22,
    "product": 39,
    "system_status": "planned",
    "notes": "",
    "release_year": null,
    "technical_specs": null,
    "modules": null,
    "interfaces": null,
    "creator": 1,
    "subsystem_classes": []
  }
},
{
  "model": "system.automationsystem",
  "pk": 24,
  "fields": {
    "autosystem_name": "АСУ ТП МЭЗ",
    "autosystem_short_name": "",
    "system_class": 20,
    "product": 45,
    "system_status": "active",
    "notes": "",
    "release_year": null,
    "technical_specs": null,
    "modules": null,
    "interfaces": null,
    "creator": 1,
    "subsystem_classes": []
  }
},
{
  "model": "entities.entity",
  "pk": 43,
  "fields": {
    "entity_name": "Siemens AG",
    "inn": "7700000137",
    "contacts": {
      "Телефон": "+7 (495) 000-00-00",
      "E-mail": "info@siemens-ag.ru",
      "Адрес": "Мюнхен, ул. Промышленная, 1"
    },
    "registration_date": "1847-03-15",
    "financial_data": {
      "Выручка": "€72 млрд",
      "Сотрудников": "311 000",
      "Год основания": "1847"
    },
    "entity_type": "vendor",
    "is_partner": true,
    "website": "https://www.siemens.com",
    "kam_name": "Иванов И.И.",
    "kam_phone": "+7 (495) 111-22-33",
    "contact_person": "Петров П.П. (ЦК ПА)",
    "contact_phone": "+7 (495) 444-55-66",
    "presentation_url": "https://cdn.siemens-ag.ru/presentation.pdf",
    "profile": "Германский концерн; АСУ ТП, PLC/DCS для промышленности."
  }
},
{
  "model": "entities.entity",
  "pk": 44,
  "fields": {
    "entity_name": "Honeywell International Inc.",
    "inn": "7700000274",
    "contacts": {
      "Телефон": "+7 (495) 000-00-00",
      "E-mail": "info@honeywell-international-inc.ru",
      "Адрес": "Шарлотт, ул. Промышленная, 1"
    },
    "registration_date": "1906-03-15",
    "financial_data": {
      "Выручка": "$36 млрд",
      "Сотрудников": "97 000",
      "Год основания": "1906"
    },
    "entity_type": "vendor",
    "is_partner": true,
    "website": "https://www.honeywell.com",
    "kam_name": "Иванов И.И.",
    "kam_phone": "+7 (495) 111-22-33",
    "contact_person": "Петров П.П. (ЦК ПА)",
    "contact_phone": "+7 (495) 444-55-66",
    "presentation_url": "https://cdn.honeywell-international-inc.ru/presentation.pdf",
    "profile": "Американский вендор DCS/ESD Experion."
  }
},
{
  "model": "entities.entity",
  "pk": 45,
  "fields": {
    "entity_name": "Yokogawa Electric Corporation",
    "inn": "7700000411",
    "contacts": {
      "Телефон": "+7 (495) 000-00-00",
      "E-mail": "info@yokogawa-electric-corporation.ru",
      "Адрес": "Токио, ул. Промышленная, 1"
    },
    "registration_date": "1915-03-15",
    "financial_data": {
      "Выручка": "¥456 млрд",
      "Сотрудников": "17 000",
      "Год основания": "1915"
    },
    "entity_type": "vendor",
    "is_partner": true,
    "website": "https://www.yokogawa.com",
    "kam_name": "Иванов И.И.",
    "kam_phone": "+7 (495) 111-22-33",
    "contact_person": "Петров П.П. (ЦК ПА)",
    "contact_phone": "+7 (495) 444-55-66",
    "presentation_url": "https://cdn.yokogawa-electric-corporation.ru/presentation.pdf",
    "profile": "Японский вендор РСУ CENTUM VP."
  }
},
{
  "model": "entities.entity",
  "pk": 46,
  "fields": {
    "entity_name": "AVEVA Group plc",
    "inn": "7700000548",
    "contacts": {
      "Телефон": "+7 (495) 000-00-00",
      "E-mail": "info@aveva-group-plc.ru",
      "Адрес": "Кембридж, ул. Промышленная, 1"
    },
    "registration_date": "1967-03-15",
    "financial_data": {
      "Выручка": "£1,2 млрд",
      "Сотрудников": "6 500",
      "Год основания": "1967"
    },
    "entity_type": "vendor",
    "is_partner": true,
    "website": "https://www.aveva.com",
    "kam_name": "Иванов И.И.",
    "kam_phone": "+7 (495) 111-22-33",
    "contact_person": "Петров П.П. (ЦК ПА)",
    "contact_phone": "+7 (495) 444-55-66",
    "presentation_url": "https://cdn.aveva-group-plc.ru/presentation.pdf",
    "profile": "Британский вендор SCADA/MES и PI System."
  }
},
{
  "model": "entities.entity",
  "pk": 47,
  "fields": {
    "entity_name": "ООО «Прософт-Системы»",
    "inn": "7700000685",
    "contacts": {
      "Телефон": "+7 (495) 000-00-00",
      "E-mail": "info@ooo-prosoft-sistemy.ru",
      "Адрес": "Екатеринбург, ул. Промышленная, 1"
    },
    "registration_date": "1995-03-15",
    "financial_data": {
      "Выручка": "4,5 млрд ₽",
      "Сотрудников": "900",
      "Год основания": "1995"
    },
    "entity_type": "supplier",
    "is_partner": false,
    "website": "https://www.ooo-prosoft-sistemy.ru",
    "kam_name": "Иванов И.И.",
    "kam_phone": "+7 (495) 111-22-33",
    "contact_person": "Петров П.П. (ЦК ПА)",
    "contact_phone": "+7 (495) 444-55-66",
    "presentation_url": "https://cdn.ooo-prosoft-sistemy.ru/presentation.pdf",
    "profile": "Разработчик и поставщик АСУ ТП, ПЛК ARIS."
  }
},
{
  "model": "entities.entity",
  "pk": 48,
  "fields": {
    "entity_name": "ООО «КИП-Сервис»",
    "inn": "7700000822",
    "contacts": {
      "Телефон": "+7 (495) 000-00-00",
      "E-mail": "info@ooo-kip-servis.ru",
      "Адрес": "Краснодар, ул. Промышленная, 1"
    },
    "registration_date": "2001-03-15",
    "financial_data": {
      "Выручка": "6,1 млрд ₽",
      "Сотрудников": "700",
      "Год основания": "2001"
    },
    "entity_type": "supplier",
    "is_partner": false,
    "website": "https://www.ooo-kip-servis.ru",
    "kam_name": "Иванов И.И.",
    "kam_phone": "+7 (495) 111-22-33",
    "contact_person": "Петров П.П. (ЦК ПА)",
    "contact_phone": "+7 (495) 444-55-66",
    "presentation_url": "https://cdn.ooo-kip-servis.ru/presentation.pdf",
    "profile": "Поставка КИПиА и средств автоматизации."
  }
},
{
  "model": "entities.entity",
  "pk": 49,
  "fields": {
    "entity_name": "ГК «СМС-Автоматизация»",
    "inn": "7700000959",
    "contacts": {
      "Телефон": "+7 (495) 000-00-00",
      "E-mail": "info@gk-sms-avtomatizaciya.ru",
      "Адрес": "Самара, ул. Промышленная, 1"
    },
    "registration_date": "1993-03-15",
    "financial_data": {
      "Выручка": "8,0 млрд ₽",
      "Сотрудников": "1 200",
      "Год основания": "1993"
    },
    "entity_type": "system_integrator",
    "is_partner": false,
    "website": "https://www.gk-sms-avtomatizaciya.ru",
    "kam_name": "Иванов И.И.",
    "kam_phone": "+7 (495) 111-22-33",
    "contact_person": "Петров П.П. (ЦК ПА)",
    "contact_phone": "+7 (495) 444-55-66",
    "presentation_url": "https://cdn.gk-sms-avtomatizaciya.ru/presentation.pdf",
    "profile": "Системный интегратор АСУ ТП."
  }
},
{
  "model": "entities.entity",
  "pk": 50,
  "fields": {
    "entity_name": "ООО «УльтимаТек»",
    "inn": "7700001096",
    "contacts": {
      "Телефон": "+7 (495) 000-00-00",
      "E-mail": "info@ooo-ultimatek.ru",
      "Адрес": "Москва, ул. Промышленная, 1"
    },
    "registration_date": "2013-03-15",
    "financial_data": {
      "Выручка": "3,4 млрд ₽",
      "Сотрудников": "450",
      "Год основания": "2013"
    },
    "entity_type": "system_integrator",
    "is_partner": false,
    "website": "https://www.ooo-ultimatek.ru",
    "kam_name": "Иванов И.И.",
    "kam_phone": "+7 (495) 111-22-33",
    "contact_person": "Петров П.П. (ЦК ПА)",
    "contact_phone": "+7 (495) 444-55-66",
    "presentation_url": "https://cdn.ooo-ultimatek.ru/presentation.pdf",
    "profile": "Цифровизация и интеграция АСУ ТП."
  }
},
{
  "model": "entities.entity",
  "pk": 51,
  "fields": {
    "entity_name": "ООО «Сумма Технологий»",
    "inn": "7700001233",
    "contacts": {
      "Телефон": "+7 (495) 000-00-00",
      "E-mail": "info@ooo-summa-tehnologiy.ru",
      "Адрес": "Санкт-Петербург, ул. Промышленная, 1"
    },
    "registration_date": "2004-03-15",
    "financial_data": {
      "Выручка": "5,2 млрд ₽",
      "Сотрудников": "600",
      "Год основания": "2004"
    },
    "entity_type": "system_integrator",
    "is_partner": false,
    "website": "https://www.ooo-summa-tehnologiy.ru",
    "kam_name": "Иванов И.И.",
    "kam_phone": "+7 (495) 111-22-33",
    "contact_person": "Петров П.П. (ЦК ПА)",
    "contact_phone": "+7 (495) 444-55-66",
    "presentation_url": "https://cdn.ooo-summa-tehnologiy.ru/presentation.pdf",
    "profile": "Комплексная автоматизация производств."
  }
},
{
  "model": "entities.entity",
  "pk": 52,
  "fields": {
    "entity_name": "ООО «Адвантек-Промышленная Автоматизация»",
    "inn": "7700001370",
    "contacts": {
      "Телефон": "+7 (495) 000-00-00",
      "E-mail": "info@ooo-advantek-promyshlennaya-avtomatizaci.ru",
      "Адрес": "Пермь, ул. Промышленная, 1"
    },
    "registration_date": "2006-03-15",
    "financial_data": {
      "Выручка": "2,1 млрд ₽",
      "Сотрудников": "320",
      "Год основания": "2006"
    },
    "entity_type": "engineering_company",
    "is_partner": false,
    "website": "https://www.ooo-advantek-promyshlennaya-avtomatizaci.ru",
    "kam_name": "Иванов И.И.",
    "kam_phone": "+7 (495) 111-22-33",
    "contact_person": "Петров П.П. (ЦК ПА)",
    "contact_phone": "+7 (495) 444-55-66",
    "presentation_url": "https://cdn.ooo-advantek-promyshlennaya-avtomatizaci.ru/presentation.pdf",
    "profile": "Инжиниринг АСУ ТП, DCS/ESD."
  }
},
{
  "model": "entities.entity",
  "pk": 53,
  "fields": {
    "entity_name": "НПП «Промышленная Автоматизация»",
    "inn": "7700001507",
    "contacts": {
      "Телефон": "+7 (495) 000-00-00",
      "E-mail": "info@npp-promyshlennaya-avtomatizaciya.ru",
      "Адрес": "Москва, ул. Промышленная, 1"
    },
    "registration_date": "1999-03-15",
    "financial_data": {
      "Выручка": "1,8 млрд ₽",
      "Сотрудников": "280",
      "Год основания": "1999"
    },
    "entity_type": "engineering_company",
    "is_partner": false,
    "website": "https://www.npp-promyshlennaya-avtomatizaciya.ru",
    "kam_name": "Иванов И.И.",
    "kam_phone": "+7 (495) 111-22-33",
    "contact_person": "Петров П.П. (ЦК ПА)",
    "contact_phone": "+7 (495) 444-55-66",
    "presentation_url": "https://cdn.npp-promyshlennaya-avtomatizaciya.ru/presentation.pdf",
    "profile": "Проектирование и внедрение АСУ ТП."
  }
},
{
  "model": "entities.entity",
  "pk": 54,
  "fields": {
    "entity_name": "ООО «ИндаСофт»",
    "inn": "7700001644",
    "contacts": {
      "Телефон": "+7 (495) 000-00-00",
      "E-mail": "info@ooo-indasoft.ru",
      "Адрес": "Москва, ул. Промышленная, 1"
    },
    "registration_date": "1996-03-15",
    "financial_data": {
      "Выручка": "3,0 млрд ₽",
      "Сотрудников": "500",
      "Год основания": "1996"
    },
    "entity_type": "engineering_company",
    "is_partner": false,
    "website": "https://www.ooo-indasoft.ru",
    "kam_name": "Иванов И.И.",
    "kam_phone": "+7 (495) 111-22-33",
    "contact_person": "Петров П.П. (ЦК ПА)",
    "contact_phone": "+7 (495) 444-55-66",
    "presentation_url": "https://cdn.ooo-indasoft.ru/presentation.pdf",
    "profile": "MES/LIMS-интеграция, PI System."
  }
},
{
  "model": "entities.entity",
  "pk": 55,
  "fields": {
    "entity_name": "Schneider Electric SE",
    "inn": "7700001781",
    "contacts": {
      "Телефон": "+7 (495) 000-00-00",
      "E-mail": "info@schneider-electric-se.ru",
      "Адрес": "Рюэй-Мальмезон, ул. Промышленная, 1"
    },
    "registration_date": "1836-03-15",
    "financial_data": {
      "Выручка": "€36 млрд",
      "Сотрудников": "168 000",
      "Год основания": "1836"
    },
    "entity_type": "full_cycle_vendor",
    "is_partner": true,
    "website": "https://www.se.com",
    "kam_name": "Иванов И.И.",
    "kam_phone": "+7 (495) 111-22-33",
    "contact_person": "Петров П.П. (ЦК ПА)",
    "contact_phone": "+7 (495) 444-55-66",
    "presentation_url": "https://cdn.schneider-electric-se.ru/presentation.pdf",
    "profile": "Французский вендор полного цикла EcoStruxure."
  }
},
{
  "model": "entities.entity",
  "pk": 56,
  "fields": {
    "entity_name": "Emerson Electric Co.",
    "inn": "7700001918",
    "contacts": {
      "Телефон": "+7 (495) 000-00-00",
      "E-mail": "info@emerson-electric-co.ru",
      "Адрес": "Сент-Луис, ул. Промышленная, 1"
    },
    "registration_date": "1890-03-15",
    "financial_data": {
      "Выручка": "$15 млрд",
      "Сотрудников": "67 000",
      "Год основания": "1890"
    },
    "entity_type": "full_cycle_vendor",
    "is_partner": true,
    "website": "https://www.emerson.com",
    "kam_name": "Иванов И.И.",
    "kam_phone": "+7 (495) 111-22-33",
    "contact_person": "Петров П.П. (ЦК ПА)",
    "contact_phone": "+7 (495) 444-55-66",
    "presentation_url": "https://cdn.emerson-electric-co.ru/presentation.pdf",
    "profile": "Американский вендор полного цикла DeltaV."
  }
},
{
  "model": "entities.entity",
  "pk": 57,
  "fields": {
    "entity_name": "ABB Ltd",
    "inn": "7700002055",
    "contacts": {
      "Телефон": "+7 (495) 000-00-00",
      "E-mail": "info@abb-ltd.ru",
      "Адрес": "Цюрих, ул. Промышленная, 1"
    },
    "registration_date": "1988-03-15",
    "financial_data": {
      "Выручка": "$32 млрд",
      "Сотрудников": "105 000",
      "Год основания": "1988"
    },
    "entity_type": "vendor",
    "is_partner": true,
    "website": "https://www.abb.com",
    "kam_name": "Иванов И.И.",
    "kam_phone": "+7 (495) 111-22-33",
    "contact_person": "Петров П.П. (ЦК ПА)",
    "contact_phone": "+7 (495) 444-55-66",
    "presentation_url": "https://cdn.abb-ltd.ru/presentation.pdf",
    "profile": "Швейцарско-шведский вендор АСУ ТП System 800xA."
  }
},
{
  "model": "entities.entity",
  "pk": 58,
  "fields": {
    "entity_name": "Rockwell Automation Inc.",
    "inn": "7700002192",
    "contacts": {
      "Телефон": "+7 (495) 000-00-00",
      "E-mail": "info@rockwell-automation-inc.ru",
      "Адрес": "Милуоки, ул. Промышленная, 1"
    },
    "registration_date": "1903-03-15",
    "financial_data": {
      "Выручка": "$9 млрд",
      "Сотрудников": "28 000",
      "Год основания": "1903"
    },
    "entity_type": "vendor",
    "is_partner": true,
    "website": "https://www.rockwellautomation.com",
    "kam_name": "Иванов И.И.",
    "kam_phone": "+7 (495) 111-22-33",
    "contact_person": "Петров П.П. (ЦК ПА)",
    "contact_phone": "+7 (495) 444-55-66",
    "presentation_url": "https://cdn.rockwell-automation-inc.ru/presentation.pdf",
    "profile": "Американский вендор PLC/SCADA (Allen-Bradley)."
  }
},
{
  "model": "entities.entity",
  "pk": 59,
  "fields": {
    "entity_name": "ООО «ЭлеСи»",
    "inn": "7700002329",
    "contacts": {
      "Телефон": "+7 (495) 000-00-00",
      "E-mail": "info@ooo-elesi.ru",
      "Адрес": "Томск, ул. Промышленная, 1"
    },
    "registration_date": "1990-03-15",
    "financial_data": {
      "Выручка": "2,8 млрд ₽",
      "Сотрудников": "600",
      "Год основания": "1990"
    },
    "entity_type": "supplier",
    "is_partner": false,
    "website": "https://www.ooo-elesi.ru",
    "kam_name": "Иванов И.И.",
    "kam_phone": "+7 (495) 111-22-33",
    "contact_person": "Петров П.П. (ЦК ПА)",
    "contact_phone": "+7 (495) 444-55-66",
    "presentation_url": "https://cdn.ooo-elesi.ru/presentation.pdf",
    "profile": "Разработка и поставка ПТК и КИПиА."
  }
},
{
  "model": "entities.entity",
  "pk": 60,
  "fields": {
    "entity_name": "АО «Текон-Инжиниринг»",
    "inn": "7700002466",
    "contacts": {
      "Телефон": "+7 (495) 000-00-00",
      "E-mail": "info@ao-tekon-inzhiniring.ru",
      "Адрес": "Москва, ул. Промышленная, 1"
    },
    "registration_date": "1991-03-15",
    "financial_data": {
      "Выручка": "4,0 млрд ₽",
      "Сотрудников": "500",
      "Год основания": "1991"
    },
    "entity_type": "system_integrator",
    "is_partner": false,
    "website": "https://www.ao-tekon-inzhiniring.ru",
    "kam_name": "Иванов И.И.",
    "kam_phone": "+7 (495) 111-22-33",
    "contact_person": "Петров П.П. (ЦК ПА)",
    "contact_phone": "+7 (495) 444-55-66",
    "presentation_url": "https://cdn.ao-tekon-inzhiniring.ru/presentation.pdf",
    "profile": "Интегратор АСУ ТП и телемеханики."
  }
},
{
  "model": "entities.entity",
  "pk": 61,
  "fields": {
    "entity_name": "ООО «Сибур Диджитал»",
    "inn": "7700002603",
    "contacts": {
      "Телефон": "+7 (495) 000-00-00",
      "E-mail": "info@ooo-sibur-didzhital.ru",
      "Адрес": "Нижневартовск, ул. Промышленная, 1"
    },
    "registration_date": "2019-03-15",
    "financial_data": {
      "Выручка": "5,5 млрд ₽",
      "Сотрудников": "800",
      "Год основания": "2019"
    },
    "entity_type": "engineering_company",
    "is_partner": false,
    "website": "https://www.ooo-sibur-didzhital.ru",
    "kam_name": "Иванов И.И.",
    "kam_phone": "+7 (495) 111-22-33",
    "contact_person": "Петров П.П. (ЦК ПА)",
    "contact_phone": "+7 (495) 444-55-66",
    "presentation_url": "https://cdn.ooo-sibur-didzhital.ru/presentation.pdf",
    "profile": "Цифровизация нефтехимии, MES/APC."
  }
},
{
  "model": "entities.entity",
  "pk": 62,
  "fields": {
    "entity_name": "ООО «Волгостальпроект»",
    "inn": "7700002740",
    "contacts": {
      "Телефон": "+7 (495) 000-00-00",
      "E-mail": "info@ooo-volgostalproekt.ru",
      "Адрес": "Волгоград, ул. Промышленная, 1"
    },
    "registration_date": "2002-03-15",
    "financial_data": {
      "Выручка": "1,3 млрд ₽",
      "Сотрудников": "210",
      "Год основания": "2002"
    },
    "entity_type": "engineering_company",
    "is_partner": false,
    "website": "https://www.ooo-volgostalproekt.ru",
    "kam_name": "Иванов И.И.",
    "kam_phone": "+7 (495) 111-22-33",
    "contact_person": "Петров П.П. (ЦК ПА)",
    "contact_phone": "+7 (495) 444-55-66",
    "presentation_url": "https://cdn.ooo-volgostalproekt.ru/presentation.pdf",
    "profile": "Инжиниринг АСУ ТП металлургии и энергетики."
  }
},
{
  "model": "entities.entity",
  "pk": 63,
  "fields": {
    "entity_name": "Endress+Hauser Group",
    "inn": "7700002877",
    "contacts": {
      "Телефон": "+7 (495) 000-00-00",
      "E-mail": "info@endress-hauser-group.ru",
      "Адрес": "Райнах, ул. Промышленная, 1"
    },
    "registration_date": "1953-03-15",
    "financial_data": {
      "Выручка": "€3,3 млрд",
      "Сотрудников": "16 000",
      "Год основания": "1953"
    },
    "entity_type": "full_cycle_vendor",
    "is_partner": true,
    "website": "https://www.endress.com",
    "kam_name": "Иванов И.И.",
    "kam_phone": "+7 (495) 111-22-33",
    "contact_person": "Петров П.П. (ЦК ПА)",
    "contact_phone": "+7 (495) 444-55-66",
    "presentation_url": "https://cdn.endress-hauser-group.ru/presentation.pdf",
    "profile": "Швейцарский вендор полного цикла КИПиА и аналитики."
  }
},
{
  "model": "entities.vendorprofile",
  "pk": 19,
  "fields": {
    "entity": 43
  }
},
{
  "model": "entities.vendorprofile",
  "pk": 20,
  "fields": {
    "entity": 44
  }
},
{
  "model": "entities.vendorprofile",
  "pk": 21,
  "fields": {
    "entity": 45
  }
},
{
  "model": "entities.vendorprofile",
  "pk": 22,
  "fields": {
    "entity": 46
  }
},
{
  "model": "entities.vendorprofile",
  "pk": 23,
  "fields": {
    "entity": 55
  }
},
{
  "model": "entities.vendorprofile",
  "pk": 24,
  "fields": {
    "entity": 56
  }
},
{
  "model": "entities.vendorprofile",
  "pk": 25,
  "fields": {
    "entity": 57
  }
},
{
  "model": "entities.vendorprofile",
  "pk": 26,
  "fields": {
    "entity": 58
  }
},
{
  "model": "entities.vendorprofile",
  "pk": 27,
  "fields": {
    "entity": 63
  }
},
{
  "model": "entities.supplierprofile",
  "pk": 13,
  "fields": {
    "entity": 47,
    "products": [
      38,
      34
    ]
  }
},
{
  "model": "entities.supplierprofile",
  "pk": 14,
  "fields": {
    "entity": 48,
    "products": [
      42,
      36
    ]
  }
},
{
  "model": "entities.supplierprofile",
  "pk": 15,
  "fields": {
    "entity": 55,
    "products": []
  }
},
{
  "model": "entities.supplierprofile",
  "pk": 16,
  "fields": {
    "entity": 56,
    "products": []
  }
},
{
  "model": "entities.supplierprofile",
  "pk": 17,
  "fields": {
    "entity": 59,
    "products": [
      44,
      46
    ]
  }
},
{
  "model": "entities.supplierprofile",
  "pk": 18,
  "fields": {
    "entity": 63,
    "products": []
  }
},
{
  "model": "entities.systemintegratorprofile",
  "pk": 9,
  "fields": {
    "entity": 49,
    "managing_owner": null,
    "vendor_partners": [
      19,
      20
    ]
  }
},
{
  "model": "entities.systemintegratorprofile",
  "pk": 10,
  "fields": {
    "entity": 50,
    "managing_owner": 13,
    "vendor_partners": [
      21
    ]
  }
},
{
  "model": "entities.systemintegratorprofile",
  "pk": 11,
  "fields": {
    "entity": 51,
    "managing_owner": null,
    "vendor_partners": [
      22
    ]
  }
},
{
  "model": "entities.systemintegratorprofile",
  "pk": 12,
  "fields": {
    "entity": 60,
    "managing_owner": 16,
    "vendor_partners": [
      25,
      26
    ]
  }
},
{
  "model": "entities.systemintegratorfunctioncompetency",
  "pk": 8,
  "fields": {
    "profile": 9,
    "system_class": 22,
    "industry": null
  }
},
{
  "model": "entities.systemintegratorfunctioncompetency",
  "pk": 9,
  "fields": {
    "profile": 9,
    "system_class": null,
    "industry": 50
  }
},
{
  "model": "entities.systemintegratorfunctioncompetency",
  "pk": 10,
  "fields": {
    "profile": 10,
    "system_class": 24,
    "industry": 41
  }
},
{
  "model": "entities.systemintegratorfunctioncompetency",
  "pk": 11,
  "fields": {
    "profile": 12,
    "system_class": 23,
    "industry": null
  }
},
{
  "model": "entities.engineeringcompanyprofile",
  "pk": 17,
  "fields": {
    "entity": 52,
    "region": "Пермь",
    "resident_object": null,
    "product_competencies": [
      41,
      35
    ]
  }
},
{
  "model": "entities.engineeringcompanyprofile",
  "pk": 18,
  "fields": {
    "entity": 53,
    "region": "Москва",
    "resident_object": null,
    "product_competencies": [
      33
    ]
  }
},
{
  "model": "entities.engineeringcompanyprofile",
  "pk": 19,
  "fields": {
    "entity": 54,
    "region": "Москва",
    "resident_object": null,
    "product_competencies": [
      39
    ]
  }
},
{
  "model": "entities.engineeringcompanyprofile",
  "pk": 20,
  "fields": {
    "entity": 55,
    "region": "",
    "resident_object": null,
    "product_competencies": []
  }
},
{
  "model": "entities.engineeringcompanyprofile",
  "pk": 21,
  "fields": {
    "entity": 56,
    "region": "",
    "resident_object": null,
    "product_competencies": []
  }
},
{
  "model": "entities.engineeringcompanyprofile",
  "pk": 22,
  "fields": {
    "entity": 61,
    "region": "Тобольск",
    "resident_object": null,
    "product_competencies": [
      39,
      41
    ]
  }
},
{
  "model": "entities.engineeringcompanyprofile",
  "pk": 23,
  "fields": {
    "entity": 62,
    "region": "Волгоград",
    "resident_object": null,
    "product_competencies": [
      43
    ]
  }
},
{
  "model": "entities.engineeringcompanyprofile",
  "pk": 24,
  "fields": {
    "entity": 63,
    "region": "",
    "resident_object": null,
    "product_competencies": []
  }
},
{
  "model": "entities.engineeringcompanyfunctioncompetency",
  "pk": 17,
  "fields": {
    "profile": 17,
    "system_class": 20,
    "industry": 41
  }
},
{
  "model": "entities.engineeringcompanyfunctioncompetency",
  "pk": 18,
  "fields": {
    "profile": 17,
    "system_class": 21,
    "industry": 42
  }
},
{
  "model": "entities.engineeringcompanyfunctioncompetency",
  "pk": 19,
  "fields": {
    "profile": 18,
    "system_class": null,
    "industry": 44
  }
},
{
  "model": "entities.engineeringcompanyfunctioncompetency",
  "pk": 20,
  "fields": {
    "profile": 19,
    "system_class": 22,
    "industry": null
  }
},
{
  "model": "entities.engineeringcompanyfunctioncompetency",
  "pk": 21,
  "fields": {
    "profile": 22,
    "system_class": 22,
    "industry": 42
  }
},
{
  "model": "entities.engineeringcompanyfunctioncompetency",
  "pk": 22,
  "fields": {
    "profile": 22,
    "system_class": 20,
    "industry": 42
  }
},
{
  "model": "entities.engineeringcompanyfunctioncompetency",
  "pk": 23,
  "fields": {
    "profile": 23,
    "system_class": 20,
    "industry": 47
  }
},
{
  "model": "entities.engineeringcompanyfunctioncompetency",
  "pk": 24,
  "fields": {
    "profile": 23,
    "system_class": 19,
    "industry": 48
  }
},
{
  "model": "entities.fullcyclevendorprofile",
  "pk": 7,
  "fields": {
    "entity": 55,
    "region": "Москва",
    "resident_object": null,
    "products": [
      40
    ]
  }
},
{
  "model": "entities.fullcyclevendorprofile",
  "pk": 8,
  "fields": {
    "entity": 56,
    "region": "Самара",
    "resident_object": null,
    "products": [
      41
    ]
  }
},
{
  "model": "entities.fullcyclevendorprofile",
  "pk": 9,
  "fields": {
    "entity": 63,
    "region": "Москва",
    "resident_object": null,
    "products": [
      48,
      47
    ]
  }
},
{
  "model": "entities.fullcyclefunctioncompetency",
  "pk": 11,
  "fields": {
    "profile": 7,
    "system_class": 20,
    "industry": 48
  }
},
{
  "model": "entities.fullcyclefunctioncompetency",
  "pk": 12,
  "fields": {
    "profile": 8,
    "system_class": 20,
    "industry": 42
  }
},
{
  "model": "entities.fullcyclefunctioncompetency",
  "pk": 13,
  "fields": {
    "profile": 8,
    "system_class": 21,
    "industry": 50
  }
},
{
  "model": "entities.fullcyclefunctioncompetency",
  "pk": 14,
  "fields": {
    "profile": 9,
    "system_class": 17,
    "industry": 50
  }
},
{
  "model": "entities.fullcyclefunctioncompetency",
  "pk": 15,
  "fields": {
    "profile": 9,
    "system_class": 23,
    "industry": 49
  }
}
]
