[
{
  "model": "auth.user",
  "pk": 1,
  "fields": {
    "password": "pbkdf2_sha256$1200000$npKsNb5G4iuI8IUP3tlZsM$WbNUOTP+U7ko+S+PboO+/xnM4O6HMhNubcxV8S20yFU=",
    "last_login": null,
    "is_superuser": true,
    "username": "admin",
    "first_name": "",
    "last_name": "",
    "email": "",
    "is_staff": true,
    "is_active": true,
    "date_joined": "2026-07-18T09:04:14.009Z",
    "groups": [],
    "user_permissions": []
  }
},
{
  "model": "categories.category",
  "pk": 81,
  "fields": {
    "category_name": "Нефтепереработка",
    "object_level": 1,
    "creator": 1
  }
},
{
  "model": "categories.category",
  "pk": 82,
  "fields": {
    "category_name": "Нефтехимия",
    "object_level": 1,
    "creator": 1
  }
},
{
  "model": "categories.category",
  "pk": 83,
  "fields": {
    "category_name": "Газопереработка",
    "object_level": 1,
    "creator": 1
  }
},
{
  "model": "categories.category",
  "pk": 84,
  "fields": {
    "category_name": "Газохимия",
    "object_level": 1,
    "creator": 1
  }
},
{
  "model": "categories.category",
  "pk": 85,
  "fields": {
    "category_name": "Химия",
    "object_level": 1,
    "creator": 1
  }
},
{
  "model": "categories.category",
  "pk": 86,
  "fields": {
    "category_name": "Химия-удобрение",
    "object_level": 1,
    "creator": 1
  }
},
{
  "model": "categories.category",
  "pk": 87,
  "fields": {
    "category_name": "Добыча нефти",
    "object_level": 1,
    "creator": 1
  }
},
{
  "model": "categories.category",
  "pk": 88,
  "fields": {
    "category_name": "Добыча газа",
    "object_level": 1,
    "creator": 1
  }
},
{
  "model": "categories.category",
  "pk": 89,
  "fields": {
    "category_name": "Добыча руды",
    "object_level": 1,
    "creator": 1
  }
},
{
  "model": "categories.category",
  "pk": 90,
  "fields": {
    "category_name": "Транспорт",
    "object_level": 1,
    "creator": 1
  }
},
{
  "model": "categories.category",
  "pk": 91,
  "fields": {
    "category_name": "Пищевая",
    "object_level": 1,
    "creator": 1
  }
},
{
  "model": "categories.category",
  "pk": 92,
  "fields": {
    "category_name": "Фарма",
    "object_level": 1,
    "creator": 1
  }
},
{
  "model": "categories.category",
  "pk": 93,
  "fields": {
    "category_name": "Основные",
    "object_level": 2,
    "creator": 1
  }
},
{
  "model": "categories.category",
  "pk": 94,
  "fields": {
    "category_name": "Вспомогательные",
    "object_level": 2,
    "creator": 1
  }
},
{
  "model": "categories.category",
  "pk": 95,
  "fields": {
    "category_name": "Общие",
    "object_level": 2,
    "creator": 1
  }
},
{
  "model": "categories.category",
  "pk": 96,
  "fields": {
    "category_name": "Сырьевые",
    "object_level": 2,
    "creator": 1
  }
},
{
  "model": "categories.category",
  "pk": 97,
  "fields": {
    "category_name": "Товарные",
    "object_level": 2,
    "creator": 1
  }
},
{
  "model": "categories.category",
  "pk": 98,
  "fields": {
    "category_name": "Атмосферное разделение",
    "object_level": 3,
    "creator": 1
  }
},
{
  "model": "categories.category",
  "pk": 99,
  "fields": {
    "category_name": "Вакуумное разделение",
    "object_level": 3,
    "creator": 1
  }
},
{
  "model": "categories.category",
  "pk": 100,
  "fields": {
    "category_name": "Крекинг каталитический",
    "object_level": 3,
    "creator": 1
  }
},
{
  "model": "categories.category",
  "pk": 101,
  "fields": {
    "category_name": "Крекинг гидро",
    "object_level": 3,
    "creator": 1
  }
},
{
  "model": "categories.category",
  "pk": 102,
  "fields": {
    "category_name": "Реформинг",
    "object_level": 3,
    "creator": 1
  }
},
{
  "model": "categories.category",
  "pk": 103,
  "fields": {
    "category_name": "Полимеризация",
    "object_level": 3,
    "creator": 1
  }
},
{
  "model": "categories.category",
  "pk": 104,
  "fields": {
    "category_name": "Гидроочистка",
    "object_level": 3,
    "creator": 1
  }
},
{
  "model": "categories.category",
  "pk": 105,
  "fields": {
    "category_name": "Мокрый катализ",
    "object_level": 3,
    "creator": 1
  }
},
{
  "model": "categories.category",
  "pk": 106,
  "fields": {
    "category_name": "Грануляция",
    "object_level": 3,
    "creator": 1
  }
},
{
  "model": "categories.category",
  "pk": 107,
  "fields": {
    "category_name": "Фильтрация",
    "object_level": 3,
    "creator": 1
  }
},
{
  "model": "categories.category",
  "pk": 108,
  "fields": {
    "category_name": "Электролиз",
    "object_level": 3,
    "creator": 1
  }
},
{
  "model": "categories.category",
  "pk": 109,
  "fields": {
    "category_name": "Абсорбция",
    "object_level": 3,
    "creator": 1
  }
},
{
  "model": "categories.category",
  "pk": 110,
  "fields": {
    "category_name": "Стабилизация",
    "object_level": 3,
    "creator": 1
  }
},
{
  "model": "categories.category",
  "pk": 111,
  "fields": {
    "category_name": "КЦА",
    "object_level": 3,
    "creator": 1
  }
},
{
  "model": "categories.category",
  "pk": 112,
  "fields": {
    "category_name": "Дробление",
    "object_level": 3,
    "creator": 1
  }
},
{
  "model": "categories.category",
  "pk": 113,
  "fields": {
    "category_name": "Транспорт (техн)",
    "object_level": 3,
    "creator": 1
  }
},
{
  "model": "categories.category",
  "pk": 114,
  "fields": {
    "category_name": "Измельчение",
    "object_level": 3,
    "creator": 1
  }
},
{
  "model": "categories.category",
  "pk": 115,
  "fields": {
    "category_name": "Флотация",
    "object_level": 3,
    "creator": 1
  }
},
{
  "model": "categories.category",
  "pk": 116,
  "fields": {
    "category_name": "Фильтрация руды",
    "object_level": 3,
    "creator": 1
  }
},
{
  "model": "categories.category",
  "pk": 117,
  "fields": {
    "category_name": "Катание",
    "object_level": 3,
    "creator": 1
  }
},
{
  "model": "categories.category",
  "pk": 118,
  "fields": {
    "category_name": "Ковка",
    "object_level": 3,
    "creator": 1
  }
},
{
  "model": "categories.category",
  "pk": 119,
  "fields": {
    "category_name": "Штамповка",
    "object_level": 3,
    "creator": 1
  }
},
{
  "model": "owners.ownerentity",
  "pk": 25,
  "fields": {
    "owner_name": "ПАО «Нефтехолдинг»",
    "owner": null,
    "ultimate_owner": null,
    "is_root": true,
    "inn": ""
  }
},
{
  "model": "owners.ownerentity",
  "pk": 26,
  "fields": {
    "owner_name": "АО «Уфанефтепереработка»",
    "owner": 25,
    "ultimate_owner": 25,
    "is_root": false,
    "inn": ""
  }
},
{
  "model": "owners.ownerentity",
  "pk": 27,
  "fields": {
    "owner_name": "ПАО «ГазХим»",
    "owner": null,
    "ultimate_owner": null,
    "is_root": true,
    "inn": ""
  }
},
{
  "model": "owners.ownerentity",
  "pk": 28,
  "fields": {
    "owner_name": "ООО «ГазХим-Переработка»",
    "owner": 27,
    "ultimate_owner": 27,
    "is_root": false,
    "inn": ""
  }
},
{
  "model": "owners.ownerentity",
  "pk": 29,
  "fields": {
    "owner_name": "ПАО «ХимАгро»",
    "owner": null,
    "ultimate_owner": null,
    "is_root": true,
    "inn": ""
  }
},
{
  "model": "owners.ownerentity",
  "pk": 30,
  "fields": {
    "owner_name": "ПАО «Восточно-Сибирская нефтегазовая компания»",
    "owner": null,
    "ultimate_owner": null,
    "is_root": true,
    "inn": ""
  }
},
{
  "model": "owners.ownerentity",
  "pk": 31,
  "fields": {
    "owner_name": "АО «Ангарская нефтехимическая корпорация»",
    "owner": 30,
    "ultimate_owner": 30,
    "is_root": false,
    "inn": ""
  }
},
{
  "model": "objects.object",
  "pk": 40,
  "fields": {
    "object_name": "Уфимский НПЗ",
    "object_short_name": "УНПЗ",
    "object_old_name": "Уфимский КНПЗ",
    "object_law_name": "Уфимский НПЗ",
    "object_class": "Нефтеперерабатывающий завод",
    "hierarchy_level": 1,
    "parent_object": null,
    "category": 93,
    "owner_entity": 26,
    "start_date": "1938-06-01",
    "is_reconstructed": true,
    "capacity": "12 млн т/год",
    "status": "active",
    "notes": "Один из старейших НПЗ России, глубина переработки 84%.",
    "country": "Россия",
    "region": "Республика Башкортостан",
    "city": "Уфа",
    "street": "Промышленная",
    "house": "1",
    "title": "",
    "creator": 1,
    "created_at": "2026-07-18T12:34:04.071Z",
    "updated_at": "2026-07-18T12:34:04.071Z"
  }
},
{
  "model": "objects.object",
  "pk": 41,
  "fields": {
    "object_name": "Цех первичной переработки",
    "object_short_name": "Цех №1",
    "object_old_name": "б/н",
    "object_law_name": "Цех первичной переработки",
    "object_class": "Технологический цех",
    "hierarchy_level": 2,
    "parent_object": 40,
    "category": 93,
    "owner_entity": 26,
    "start_date": "1938-06-01",
    "is_reconstructed": false,
    "capacity": "6 млн т/год",
    "status": "reconstruction",
    "notes": "Первичная перегонка сырья.",
    "country": "Россия",
    "region": "Республика Башкортостан",
    "city": "Уфа",
    "street": "Заводская",
    "house": "1",
    "title": "Цех-1",
    "creator": 1,
    "created_at": "2026-07-18T12:34:04.073Z",
    "updated_at": "2026-07-18T12:34:04.073Z"
  }
},
{
  "model": "objects.object",
  "pk": 42,
  "fields": {
    "object_name": "Установка ЭЛОУ-АВТ-6",
    "object_short_name": "ЭЛОУ-АВТ-6",
    "object_old_name": "б/н",
    "object_law_name": "Установка ЭЛОУ-АВТ-6",
    "object_class": "Технологическая установка",
    "hierarchy_level": 3,
    "parent_object": 41,
    "category": 98,
    "owner_entity": 26,
    "start_date": "1975-09-01",
    "is_reconstructed": false,
    "capacity": "6 млн т/год",
    "status": "in_project",
    "notes": "Атмосферно-вакуумная трубчатка.",
    "country": "Россия",
    "region": "Республика Башкортостан",
    "city": "Уфа",
    "street": "Заводская",
    "house": "1",
    "title": "6-АВТ",
    "creator": 1,
    "created_at": "2026-07-18T12:34:04.075Z",
    "updated_at": "2026-07-18T12:34:04.075Z"
  }
},
{
  "model": "objects.object",
  "pk": 43,
  "fields": {
    "object_name": "Установка каталитического крекинга",
    "object_short_name": "ККФ",
    "object_old_name": "Г-43-107",
    "object_law_name": "Установка каталитического крекинга",
    "object_class": "Технологическая установка",
    "hierarchy_level": 3,
    "parent_object": 41,
    "category": 100,
    "owner_entity": 26,
    "start_date": "1985-04-01",
    "is_reconstructed": true,
    "capacity": "2 млн т/год",
    "status": "stopped",
    "notes": "Каталитический крекинг вакуумного газойля.",
    "country": "Россия",
    "region": "Республика Башкортостан",
    "city": "Уфа",
    "street": "Заводская",
    "house": "1",
    "title": "Г-43-107",
    "creator": 1,
    "created_at": "2026-07-18T12:34:04.076Z",
    "updated_at": "2026-07-18T12:34:04.076Z"
  }
},
{
  "model": "objects.object",
  "pk": 44,
  "fields": {
    "object_name": "Оренбургский ГПЗ",
    "object_short_name": "ОГПЗ",
    "object_old_name": "б/н",
    "object_law_name": "Оренбургский ГПЗ",
    "object_class": "Газоперерабатывающий завод",
    "hierarchy_level": 1,
    "parent_object": null,
    "category": 93,
    "owner_entity": 27,
    "start_date": "1974-02-01",
    "is_reconstructed": true,
    "capacity": "45 млрд м³/год",
    "status": "active",
    "notes": "Крупнейший комплекс по переработке газа и конденсата.",
    "country": "Россия",
    "region": "Оренбургская область",
    "city": "Оренбург",
    "street": "Газовиков",
    "house": "10",
    "title": "",
    "creator": 1,
    "created_at": "2026-07-18T12:34:04.078Z",
    "updated_at": "2026-07-18T12:34:04.078Z"
  }
},
{
  "model": "objects.object",
  "pk": 45,
  "fields": {
    "object_name": "Цех сероочистки",
    "object_short_name": "Цех СО",
    "object_old_name": "б/н",
    "object_law_name": "Цех сероочистки",
    "object_class": "Технологический цех",
    "hierarchy_level": 2,
    "parent_object": 44,
    "category": 93,
    "owner_entity": 27,
    "start_date": "1976-05-01",
    "is_reconstructed": false,
    "capacity": "20 млрд м³/год",
    "status": "reconstruction",
    "notes": "Аминовая очистка газа.",
    "country": "Россия",
    "region": "Оренбургская область",
    "city": "Оренбург",
    "street": "Заводская",
    "house": "1",
    "title": "Цех-СО",
    "creator": 1,
    "created_at": "2026-07-18T12:34:04.080Z",
    "updated_at": "2026-07-18T12:34:04.080Z"
  }
},
{
  "model": "objects.object",
  "pk": 46,
  "fields": {
    "object_name": "Установка абсорбции У-30",
    "object_short_name": "У-30",
    "object_old_name": "б/н",
    "object_law_name": "Установка абсорбции У-30",
    "object_class": "Технологическая установка",
    "hierarchy_level": 3,
    "parent_object": 45,
    "category": 109,
    "owner_entity": 27,
    "start_date": "1980-07-01",
    "is_reconstructed": false,
    "capacity": "8 млрд м³/год",
    "status": "in_project",
    "notes": "Абсорбционная сероочистка (процесс Клауса).",
    "country": "Россия",
    "region": "Оренбургская область",
    "city": "Оренбург",
    "street": "Заводская",
    "house": "1",
    "title": "У-30",
    "creator": 1,
    "created_at": "2026-07-18T12:34:04.081Z",
    "updated_at": "2026-07-18T12:34:04.081Z"
  }
},
{
  "model": "objects.object",
  "pk": 47,
  "fields": {
    "object_name": "Тобольский нефтехимкомбинат",
    "object_short_name": "ЗапСиб",
    "object_old_name": "б/н",
    "object_law_name": "Тобольский нефтехимкомбинат",
    "object_class": "Нефтехимический комплекс",
    "hierarchy_level": 1,
    "parent_object": null,
    "category": 93,
    "owner_entity": 25,
    "start_date": "2019-11-01",
    "is_reconstructed": false,
    "capacity": "2 млн т полимеров/год",
    "status": "stopped",
    "notes": "Пиролиз и производство полимеров.",
    "country": "Россия",
    "region": "Тюменская область",
    "city": "Тобольск",
    "street": "Промышленная",
    "house": "5",
    "title": "",
    "creator": 1,
    "created_at": "2026-07-18T12:34:04.082Z",
    "updated_at": "2026-07-18T12:34:04.082Z"
  }
},
{
  "model": "objects.object",
  "pk": 48,
  "fields": {
    "object_name": "Установка полимеризации",
    "object_short_name": "ПП-500",
    "object_old_name": "б/н",
    "object_law_name": "Установка полимеризации",
    "object_class": "Технологическая установка",
    "hierarchy_level": 3,
    "parent_object": 47,
    "category": 103,
    "owner_entity": 25,
    "start_date": "2020-03-01",
    "is_reconstructed": false,
    "capacity": "500 тыс. т/год",
    "status": "active",
    "notes": "Полимеризация пропилена.",
    "country": "Россия",
    "region": "Тюменская область",
    "city": "Тобольск",
    "street": "Заводская",
    "house": "1",
    "title": "ПП-500",
    "creator": 1,
    "created_at": "2026-07-18T12:34:04.085Z",
    "updated_at": "2026-07-18T12:34:04.085Z"
  }
},
{
  "model": "objects.object",
  "pk": 49,
  "fields": {
    "object_name": "Череповецкий химзавод",
    "object_short_name": "ЧХЗ",
    "object_old_name": "б/н",
    "object_law_name": "Череповецкий химзавод",
    "object_class": "Химический завод",
    "hierarchy_level": 1,
    "parent_object": null,
    "category": 93,
    "owner_entity": 29,
    "start_date": "1974-12-01",
    "is_reconstructed": false,
    "capacity": "3 млн т удобрений/год",
    "status": "reconstruction",
    "notes": "Производство минеральных удобрений.",
    "country": "Россия",
    "region": "Вологодская область",
    "city": "Череповец",
    "street": "Северное шоссе",
    "house": "75",
    "title": "",
    "creator": 1,
    "created_at": "2026-07-18T12:34:04.087Z",
    "updated_at": "2026-07-18T12:34:04.087Z"
  }
},
{
  "model": "objects.object",
  "pk": 50,
  "fields": {
    "object_name": "Цех грануляции",
    "object_short_name": "Цех Гр",
    "object_old_name": "б/н",
    "object_law_name": "Цех грануляции",
    "object_class": "Технологический цех",
    "hierarchy_level": 2,
    "parent_object": 49,
    "category": 97,
    "owner_entity": 29,
    "start_date": "1980-01-01",
    "is_reconstructed": false,
    "capacity": "1,2 млн т/год",
    "status": "in_project",
    "notes": "Грануляция и фасовка удобрений.",
    "country": "Россия",
    "region": "Вологодская область",
    "city": "Череповец",
    "street": "Заводская",
    "house": "1",
    "title": "Цех-Гр",
    "creator": 1,
    "created_at": "2026-07-18T12:34:04.088Z",
    "updated_at": "2026-07-18T12:34:04.088Z"
  }
},
{
  "model": "objects.object",
  "pk": 51,
  "fields": {
    "object_name": "Оренбургский ГПЗ — товарный парк",
    "object_short_name": "Товарный",
    "object_old_name": "б/н",
    "object_law_name": "Оренбургский ГПЗ — товарный парк",
    "object_class": "Товарный парк",
    "hierarchy_level": 2,
    "parent_object": 44,
    "category": 97,
    "owner_entity": 27,
    "start_date": "1978-01-01",
    "is_reconstructed": false,
    "capacity": "—",
    "status": "stopped",
    "notes": "Хранение и отгрузка продукции.",
    "country": "Россия",
    "region": "Оренбургская область",
    "city": "Оренбург",
    "street": "Заводская",
    "house": "1",
    "title": "ТП",
    "creator": 1,
    "created_at": "2026-07-18T12:34:04.090Z",
    "updated_at": "2026-07-18T12:34:04.090Z"
  }
},
{
  "model": "objects.object",
  "pk": 52,
  "fields": {
    "object_name": "Ангарский нефтехимический комплекс",
    "object_short_name": "АНХК",
    "object_old_name": "Ангарский НПЗ",
    "object_law_name": "Ангарский нефтехимический комплекс",
    "object_class": "Нефтехимический комплекс",
    "hierarchy_level": 1,
    "parent_object": null,
    "category": 93,
    "owner_entity": 31,
    "start_date": "1955-04-01",
    "is_reconstructed": true,
    "capacity": "21 млн т/год",
    "status": "reconstruction",
    "notes": "Ангарский нефтехимический комплекс — один из крупнейших интегрированных производственных активов Восточной Сибири. Включает установки первичной и вторичной переработки нефти, нефтехимические производства, объекты энергетики и товарно-сырьевую инфраструктуру. Глубина переработки — 92%. Реализуется программа цифровой трансформации: единая РСУ, ПАЗ уровня SIL3, система усовершенствованного управления (APC), MES и лабораторная информационная система. Объект отнесён к категории опасных производственных объектов I класса.",
    "country": "Россия",
    "region": "Иркутская область",
    "city": "Ангарск",
    "street": "Заводская",
    "house": "1",
    "title": "",
    "creator": 1,
    "created_at": "2026-07-18T15:06:10.480Z",
    "updated_at": "2026-07-18T15:06:10.480Z"
  }
},
{
  "model": "objects.object",
  "pk": 53,
  "fields": {
    "object_name": "Установка ЭЛОУ-АВТ-10",
    "object_short_name": "Установка",
    "object_old_name": "б/н",
    "object_law_name": "Установка ЭЛОУ-АВТ-10",
    "object_class": "Технологическая установка",
    "hierarchy_level": 3,
    "parent_object": 52,
    "category": 98,
    "owner_entity": 31,
    "start_date": "1980-01-01",
    "is_reconstructed": false,
    "capacity": "—",
    "status": "in_project",
    "notes": "Электрообессоливающая и атмосферно-вакуумная установка мощностью 10 млн т/год.",
    "country": "Россия",
    "region": "Иркутская область",
    "city": "Ангарск",
    "street": "Заводская",
    "house": "1",
    "title": "У-10",
    "creator": 1,
    "created_at": "2026-07-18T15:06:10.481Z",
    "updated_at": "2026-07-18T15:06:10.481Z"
  }
},
{
  "model": "objects.object",
  "pk": 54,
  "fields": {
    "object_name": "Комплекс каталитического крекинга",
    "object_short_name": "Комплекс",
    "object_old_name": "б/н",
    "object_law_name": "Комплекс каталитического крекинга",
    "object_class": "Технологическая установка",
    "hierarchy_level": 3,
    "parent_object": 52,
    "category": 100,
    "owner_entity": 31,
    "start_date": "1980-01-01",
    "is_reconstructed": false,
    "capacity": "—",
    "status": "active",
    "notes": "Комплекс глубокой переработки вакуумного газойля с блоком регенерации катализатора.",
    "country": "Россия",
    "region": "Иркутская область",
    "city": "Ангарск",
    "street": "Заводская",
    "house": "1",
    "title": "ККФ-3",
    "creator": 1,
    "created_at": "2026-07-18T15:06:10.484Z",
    "updated_at": "2026-07-18T15:06:10.484Z"
  }
},
{
  "model": "objects.object",
  "pk": 55,
  "fields": {
    "object_name": "Производство полипропилена",
    "object_short_name": "Производство",
    "object_old_name": "б/н",
    "object_law_name": "Производство полипропилена",
    "object_class": "Технологическая установка",
    "hierarchy_level": 3,
    "parent_object": 52,
    "category": 103,
    "owner_entity": 31,
    "start_date": "1980-01-01",
    "is_reconstructed": false,
    "capacity": "—",
    "status": "reconstruction",
    "notes": "Производство полипропилена по лицензионной технологии, мощность 500 тыс. т/год.",
    "country": "Россия",
    "region": "Иркутская область",
    "city": "Ангарск",
    "street": "Заводская",
    "house": "1",
    "title": "ПП-2",
    "creator": 1,
    "created_at": "2026-07-18T15:06:10.486Z",
    "updated_at": "2026-07-18T15:06:10.486Z"
  }
},
{
  "model": "objects.object",
  "pk": 56,
  "fields": {
    "object_name": "Установка гидроочистки дизельного топлива",
    "object_short_name": "Установка",
    "object_old_name": "б/н",
    "object_law_name": "Установка гидроочистки дизельного топлива",
    "object_class": "Технологическая установка",
    "hierarchy_level": 3,
    "parent_object": 52,
    "category": 104,
    "owner_entity": 31,
    "start_date": "1980-01-01",
    "is_reconstructed": false,
    "capacity": "—",
    "status": "active",
    "notes": "Гидроочистка для выпуска топлива класса Евро-5/К5.",
    "country": "Россия",
    "region": "Иркутская область",
    "city": "Ангарск",
    "street": "Заводская",
    "house": "1",
    "title": "ГО-ДТ",
    "creator": 1,
    "created_at": "2026-07-18T15:06:10.489Z",
    "updated_at": "2026-07-18T15:06:10.489Z"
  }
},
{
  "model": "objects.object",
  "pk": 57,
  "fields": {
    "object_name": "Товарно-сырьевая база",
    "object_short_name": "Товарно-сырьевая",
    "object_old_name": "б/н",
    "object_law_name": "Товарно-сырьевая база",
    "object_class": "Технологическая установка",
    "hierarchy_level": 3,
    "parent_object": 52,
    "category": 109,
    "owner_entity": 31,
    "start_date": "1980-01-01",
    "is_reconstructed": false,
    "capacity": "—",
    "status": "stopped",
    "notes": "Парк резервуаров, узлы смешения и налива готовой продукции.",
    "country": "Россия",
    "region": "Иркутская область",
    "city": "Ангарск",
    "street": "Заводская",
    "house": "1",
    "title": "ТСБ",
    "creator": 1,
    "created_at": "2026-07-18T15:06:10.490Z",
    "updated_at": "2026-07-18T15:06:10.490Z"
  }
},
{
  "model": "objects.objectsystem",
  "pk": 37,
  "fields": {
    "object": 42,
    "system": 37,
    "status": "active",
    "implementation_date": null,
    "implementor": 91,
    "supplier": null
  }
},
{
  "model": "objects.objectsystem",
  "pk": 38,
  "fields": {
    "object": 42,
    "system": 38,
    "status": "planned",
    "implementation_date": null,
    "implementor": 94,
    "supplier": 90
  }
},
{
  "model": "objects.objectsystem",
  "pk": 39,
  "fields": {
    "object": 42,
    "system": 39,
    "status": "maintenance",
    "implementation_date": null,
    "implementor": 93,
    "supplier": 89
  }
},
{
  "model": "objects.objectsystem",
  "pk": 40,
  "fields": {
    "object": 43,
    "system": 40,
    "status": "decommissioned",
    "implementation_date": null,
    "implementor": 98,
    "supplier": 101
  }
},
{
  "model": "objects.objectsystem",
  "pk": 41,
  "fields": {
    "object": 40,
    "system": 41,
    "status": "active",
    "implementation_date": null,
    "implementor": 96,
    "supplier": 101
  }
},
{
  "model": "objects.objectsystem",
  "pk": 42,
  "fields": {
    "object": 44,
    "system": 42,
    "status": "planned",
    "implementation_date": null,
    "implementor": 92,
    "supplier": null
  }
},
{
  "model": "objects.objectsystem",
  "pk": 43,
  "fields": {
    "object": 46,
    "system": 43,
    "status": "maintenance",
    "implementation_date": null,
    "implementor": 95,
    "supplier": null
  }
},
{
  "model": "objects.objectsystem",
  "pk": 44,
  "fields": {
    "object": 46,
    "system": 44,
    "status": "decommissioned",
    "implementation_date": null,
    "implementor": 98,
    "supplier": 101
  }
},
{
  "model": "objects.objectsystem",
  "pk": 45,
  "fields": {
    "object": 47,
    "system": 45,
    "status": "active",
    "implementation_date": null,
    "implementor": 97,
    "supplier": 97
  }
},
{
  "model": "objects.objectsystem",
  "pk": 46,
  "fields": {
    "object": 48,
    "system": 46,
    "status": "planned",
    "implementation_date": null,
    "implementor": 96,
    "supplier": 101
  }
},
{
  "model": "objects.objectsystem",
  "pk": 47,
  "fields": {
    "object": 49,
    "system": 47,
    "status": "maintenance",
    "implementation_date": null,
    "implementor": 93,
    "supplier": 101
  }
},
{
  "model": "objects.objectsystem",
  "pk": 48,
  "fields": {
    "object": 50,
    "system": 48,
    "status": "decommissioned",
    "implementation_date": null,
    "implementor": 99,
    "supplier": 101
  }
},
{
  "model": "objects.objectsystem",
  "pk": 49,
  "fields": {
    "object": 50,
    "system": 49,
    "status": "active",
    "implementation_date": null,
    "implementor": 99,
    "supplier": 101
  }
},
{
  "model": "objects.objectsystem",
  "pk": 50,
  "fields": {
    "object": 52,
    "system": 50,
    "status": "planned",
    "implementation_date": "2023-03-15",
    "implementor": 102,
    "supplier": 101
  }
},
{
  "model": "objects.objectsystem",
  "pk": 51,
  "fields": {
    "object": 53,
    "system": 51,
    "status": "maintenance",
    "implementation_date": "2023-03-15",
    "implementor": 103,
    "supplier": 101
  }
},
{
  "model": "objects.objectsystem",
  "pk": 52,
  "fields": {
    "object": 54,
    "system": 52,
    "status": "decommissioned",
    "implementation_date": "2023-03-15",
    "implementor": 104,
    "supplier": 101
  }
},
{
  "model": "objects.objectsystem",
  "pk": 53,
  "fields": {
    "object": 55,
    "system": 53,
    "status": "active",
    "implementation_date": "2023-03-15",
    "implementor": 102,
    "supplier": 101
  }
},
{
  "model": "objects.objectsystem",
  "pk": 54,
  "fields": {
    "object": 56,
    "system": 54,
    "status": "planned",
    "implementation_date": "2023-03-15",
    "implementor": 103,
    "supplier": null
  }
},
{
  "model": "objects.objectsystem",
  "pk": 55,
  "fields": {
    "object": 57,
    "system": 55,
    "status": "maintenance",
    "implementation_date": "2023-03-15",
    "implementor": 104,
    "supplier": null
  }
},
{
  "model": "objects.objectsystem",
  "pk": 56,
  "fields": {
    "object": 52,
    "system": 56,
    "status": "decommissioned",
    "implementation_date": "2023-03-15",
    "implementor": 102,
    "supplier": 104
  }
},
{
  "model": "objects.objectsystem",
  "pk": 57,
  "fields": {
    "object": 53,
    "system": 57,
    "status": "active",
    "implementation_date": "2023-03-15",
    "implementor": 103,
    "supplier": 104
  }
},
{
  "model": "objects.objectsystem",
  "pk": 58,
  "fields": {
    "object": 54,
    "system": 58,
    "status": "planned",
    "implementation_date": "2023-03-15",
    "implementor": 104,
    "supplier": 104
  }
},
{
  "model": "objects.objectsystem",
  "pk": 59,
  "fields": {
    "object": 55,
    "system": 59,
    "status": "maintenance",
    "implementation_date": "2023-03-15",
    "implementor": 102,
    "supplier": 101
  }
},
{
  "model": "objects.objectsystem",
  "pk": 60,
  "fields": {
    "object": 52,
    "system": 60,
    "status": "active",
    "implementation_date": "2023-11-01",
    "implementor": 102,
    "supplier": 101
  }
},
{
  "model": "objects.objectsystem",
  "pk": 61,
  "fields": {
    "object": 53,
    "system": 60,
    "status": "maintenance",
    "implementation_date": "2023-11-01",
    "implementor": 103,
    "supplier": 101
  }
},
{
  "model": "objects.objectsystem",
  "pk": 62,
  "fields": {
    "object": 54,
    "system": 60,
    "status": "planned",
    "implementation_date": "2023-11-01",
    "implementor": 104,
    "supplier": 101
  }
},
{
  "model": "objects.objectsystem",
  "pk": 63,
  "fields": {
    "object": 55,
    "system": 60,
    "status": "active",
    "implementation_date": "2023-11-01",
    "implementor": 102,
    "supplier": 101
  }
},
{
  "model": "objects.objectsystem",
  "pk": 64,
  "fields": {
    "object": 56,
    "system": 60,
    "status": "decommissioned",
    "implementation_date": "2023-11-01",
    "implementor": 103,
    "supplier": 101
  }
},
{
  "model": "system.automationclass",
  "pk": 33,
  "fields": {
    "level": 0,
    "system_class": "КИПиА",
    "name_ru": "КИПиА",
    "description": "Датчики и исполнительные механизмы",
    "is_composite": false,
    "includes": null
  }
},
{
  "model": "system.automationclass",
  "pk": 34,
  "fields": {
    "level": 1,
    "system_class": "PLC",
    "name_ru": "ПЛК",
    "description": "Контроллеры и логика",
    "is_composite": false,
    "includes": null
  }
},
{
  "model": "system.automationclass",
  "pk": 35,
  "fields": {
    "level": 2,
    "system_class": "HMI",
    "name_ru": "",
    "description": "Визуализация и управление",
    "is_composite": false,
    "includes": null
  }
},
{
  "model": "system.automationclass",
  "pk": 36,
  "fields": {
    "level": 2,
    "system_class": "АСУТП",
    "name_ru": "АСУТП",
    "description": "Управление технологическим процессом",
    "is_composite": true,
    "includes": null
  }
},
{
  "model": "system.automationclass",
  "pk": 37,
  "fields": {
    "level": 2,
    "system_class": "APC",
    "name_ru": "СУУТП",
    "description": "Усовершенствованное управление технологическим процессом",
    "is_composite": false,
    "includes": null
  }
},
{
  "model": "system.automationclass",
  "pk": 38,
  "fields": {
    "level": 2,
    "system_class": "SCADA",
    "name_ru": "",
    "description": "Система сбора данных",
    "is_composite": false,
    "includes": null
  }
},
{
  "model": "system.automationclass",
  "pk": 39,
  "fields": {
    "level": 2,
    "system_class": "DCS",
    "name_ru": "РСУ",
    "description": "Распределённая система управления",
    "is_composite": false,
    "includes": null
  }
},
{
  "model": "system.automationclass",
  "pk": 40,
  "fields": {
    "level": 2,
    "system_class": "ESD",
    "name_ru": "ПАЗ",
    "description": "Противоаварийная защита",
    "is_composite": false,
    "includes": null
  }
},
{
  "model": "system.automationclass",
  "pk": 41,
  "fields": {
    "level": 2,
    "system_class": "VMS",
    "name_ru": "ВМ",
    "description": "Вибромониторинг",
    "is_composite": false,
    "includes": null
  }
},
{
  "model": "system.automationclass",
  "pk": 42,
  "fields": {
    "level": 3,
    "system_class": "MES",
    "name_ru": "",
    "description": "Управление производством",
    "is_composite": true,
    "includes": null
  }
},
{
  "model": "system.automationclass",
  "pk": 43,
  "fields": {
    "level": 3,
    "system_class": "APS",
    "name_ru": "",
    "description": "Планирование производства",
    "is_composite": false,
    "includes": null
  }
},
{
  "model": "system.automationclass",
  "pk": 44,
  "fields": {
    "level": 3,
    "system_class": "EAM",
    "name_ru": "ТОИР",
    "description": "Техобслуживание и ремонт",
    "is_composite": false,
    "includes": null
  }
},
{
  "model": "system.automationclass",
  "pk": 45,
  "fields": {
    "level": 3,
    "system_class": "BMS",
    "name_ru": "",
    "description": "Автоматизация зданий",
    "is_composite": false,
    "includes": null
  }
},
{
  "model": "system.automationclass",
  "pk": 46,
  "fields": {
    "level": 3,
    "system_class": "WMS",
    "name_ru": "",
    "description": "Автоматизация складов и терминалов",
    "is_composite": false,
    "includes": null
  }
},
{
  "model": "system.automationclass",
  "pk": 47,
  "fields": {
    "level": 3,
    "system_class": "PLM",
    "name_ru": "",
    "description": "Система управления жизненным циклом продукта",
    "is_composite": false,
    "includes": null
  }
},
{
  "model": "system.automationclass",
  "pk": 48,
  "fields": {
    "level": 3,
    "system_class": "DS",
    "name_ru": "ДС",
    "description": "Диспетчеризация",
    "is_composite": false,
    "includes": null
  }
},
{
  "model": "system.automationclass",
  "pk": 49,
  "fields": {
    "level": 3,
    "system_class": "DCA",
    "name_ru": "",
    "description": "Data collection — сбор и хранение данных",
    "is_composite": false,
    "includes": null
  }
},
{
  "model": "system.automationclass",
  "pk": 50,
  "fields": {
    "level": 3,
    "system_class": "LIMS",
    "name_ru": "ЛИМС",
    "description": "Лабораторная информационная менеджмент-система",
    "is_composite": false,
    "includes": null
  }
},
{
  "model": "system.automationclass",
  "pk": 51,
  "fields": {
    "level": 3,
    "system_class": "MOM",
    "name_ru": "",
    "description": "Управление производственными операциями (включает MES)",
    "is_composite": true,
    "includes": 42
  }
},
{
  "model": "system.automationclass",
  "pk": 52,
  "fields": {
    "level": 3,
    "system_class": "QMS",
    "name_ru": "",
    "description": "Система управления качеством",
    "is_composite": false,
    "includes": null
  }
},
{
  "model": "system.automationclass",
  "pk": 53,
  "fields": {
    "level": 4,
    "system_class": "ERP",
    "name_ru": "",
    "description": "Бизнес-планирование",
    "is_composite": false,
    "includes": null
  }
},
{
  "model": "system.vendorproduct",
  "pk": 65,
  "fields": {
    "product_name": "Siemens PCS 7 V9.1",
    "vendor": 37,
    "product_type": "",
    "system_class": 39,
    "description": "",
    "version": "",
    "release_year": null,
    "end_of_support": null,
    "technical_specs": null,
    "subsystem_classes": [],
    "industries": [
      81,
      82,
      85
    ]
  }
},
{
  "model": "system.vendorproduct",
  "pk": 66,
  "fields": {
    "product_name": "Siemens SIMATIC S7-1500",
    "vendor": 37,
    "product_type": "",
    "system_class": 34,
    "description": "",
    "version": "",
    "release_year": null,
    "end_of_support": null,
    "technical_specs": null,
    "subsystem_classes": [],
    "industries": [
      83,
      81
    ]
  }
},
{
  "model": "system.vendorproduct",
  "pk": 67,
  "fields": {
    "product_name": "Honeywell Experion PKS R520",
    "vendor": 38,
    "product_type": "",
    "system_class": 39,
    "description": "",
    "version": "",
    "release_year": null,
    "end_of_support": null,
    "technical_specs": null,
    "subsystem_classes": [],
    "industries": [
      83,
      81
    ]
  }
},
{
  "model": "system.vendorproduct",
  "pk": 68,
  "fields": {
    "product_name": "Honeywell Safety Manager",
    "vendor": 38,
    "product_type": "",
    "system_class": 40,
    "description": "",
    "version": "",
    "release_year": null,
    "end_of_support": null,
    "technical_specs": null,
    "subsystem_classes": [],
    "industries": [
      84,
      82
    ]
  }
},
{
  "model": "system.vendorproduct",
  "pk": 69,
  "fields": {
    "product_name": "Yokogawa CENTUM VP",
    "vendor": 39,
    "product_type": "",
    "system_class": 39,
    "description": "",
    "version": "",
    "release_year": null,
    "end_of_support": null,
    "technical_specs": null,
    "subsystem_classes": [],
    "industries": [
      82,
      85
    ]
  }
},
{
  "model": "system.vendorproduct",
  "pk": 70,
  "fields": {
    "product_name": "Yokogawa ProSafe-RS",
    "vendor": 39,
    "product_type": "",
    "system_class": 40,
    "description": "",
    "version": "",
    "release_year": null,
    "end_of_support": null,
    "technical_specs": null,
    "subsystem_classes": [],
    "industries": [
      86
    ]
  }
},
{
  "model": "system.vendorproduct",
  "pk": 71,
  "fields": {
    "product_name": "AVEVA System Platform",
    "vendor": 40,
    "product_type": "",
    "system_class": 38,
    "description": "",
    "version": "",
    "release_year": null,
    "end_of_support": null,
    "technical_specs": null,
    "subsystem_classes": [],
    "industries": [
      89,
      90
    ]
  }
},
{
  "model": "system.vendorproduct",
  "pk": 72,
  "fields": {
    "product_name": "AVEVA PI System",
    "vendor": 40,
    "product_type": "",
    "system_class": 42,
    "description": "",
    "version": "",
    "release_year": null,
    "end_of_support": null,
    "technical_specs": null,
    "subsystem_classes": [],
    "industries": [
      81,
      82
    ]
  }
},
{
  "model": "system.vendorproduct",
  "pk": 73,
  "fields": {
    "product_name": "Schneider EcoStruxure Foxboro DCS",
    "vendor": 41,
    "product_type": "",
    "system_class": 39,
    "description": "",
    "version": "",
    "release_year": null,
    "end_of_support": null,
    "technical_specs": null,
    "subsystem_classes": [],
    "industries": [
      91,
      85
    ]
  }
},
{
  "model": "system.vendorproduct",
  "pk": 74,
  "fields": {
    "product_name": "Emerson DeltaV",
    "vendor": 42,
    "product_type": "",
    "system_class": 39,
    "description": "",
    "version": "",
    "release_year": null,
    "end_of_support": null,
    "technical_specs": null,
    "subsystem_classes": [],
    "industries": [
      82,
      92
    ]
  }
},
{
  "model": "system.vendorproduct",
  "pk": 75,
  "fields": {
    "product_name": "Emerson AMS Device Manager",
    "vendor": 42,
    "product_type": "",
    "system_class": 33,
    "description": "",
    "version": "",
    "release_year": null,
    "end_of_support": null,
    "technical_specs": null,
    "subsystem_classes": [],
    "industries": [
      81
    ]
  }
},
{
  "model": "system.vendorproduct",
  "pk": 76,
  "fields": {
    "product_name": "Endress+Hauser Netilion",
    "vendor": 43,
    "product_type": "",
    "system_class": 33,
    "description": "",
    "version": "",
    "release_year": null,
    "end_of_support": null,
    "technical_specs": null,
    "subsystem_classes": [],
    "industries": [
      91,
      92
    ]
  }
},
{
  "model": "system.vendorproduct",
  "pk": 77,
  "fields": {
    "product_name": "Endress+Hauser Memograph",
    "vendor": 43,
    "product_type": "",
    "system_class": 50,
    "description": "",
    "version": "",
    "release_year": null,
    "end_of_support": null,
    "technical_specs": null,
    "subsystem_classes": [],
    "industries": [
      92
    ]
  }
},
{
  "model": "system.vendorproduct",
  "pk": 78,
  "fields": {
    "product_name": "ПАТ-Скада «Горизонт» 5.0",
    "vendor": 44,
    "product_type": "complex",
    "system_class": 38,
    "description": "Флагманский программно-технический комплекс с резервированием, горячей заменой модулей, поддержкой протоколов OPC UA, Modbus, PROFINET и HART. Обеспечивает единую среду разработки, исполнения и диагностики для распределённых объектов.",
    "version": "5.0.3-LTS",
    "release_year": "2023-01-01",
    "end_of_support": "2031-12-31",
    "technical_specs": [
      [
        "Резервирование",
        "2oo3 / горячий резерв"
      ],
      [
        "Протоколы",
        "OPC UA, Modbus TCP, PROFINET, HART"
      ],
      [
        "Макс. тегов",
        "250 000"
      ],
      [
        "ОС",
        "Astra Linux / Windows Server"
      ]
    ],
    "subsystem_classes": [],
    "industries": [
      83,
      81,
      85
    ]
  }
},
{
  "model": "system.vendorproduct",
  "pk": 79,
  "fields": {
    "product_name": "ПАТ-РСУ «Магистраль» X9",
    "vendor": 44,
    "product_type": "complex",
    "system_class": 39,
    "description": "Флагманский программно-технический комплекс с резервированием, горячей заменой модулей, поддержкой протоколов OPC UA, Modbus, PROFINET и HART. Обеспечивает единую среду разработки, исполнения и диагностики для распределённых объектов.",
    "version": "5.0.3-LTS",
    "release_year": "2023-01-01",
    "end_of_support": "2031-12-31",
    "technical_specs": [
      [
        "Резервирование",
        "2oo3 / горячий резерв"
      ],
      [
        "Протоколы",
        "OPC UA, Modbus TCP, PROFINET, HART"
      ],
      [
        "Макс. тегов",
        "250 000"
      ],
      [
        "ОС",
        "Astra Linux / Windows Server"
      ]
    ],
    "subsystem_classes": [],
    "industries": [
      81,
      82
    ]
  }
},
{
  "model": "system.vendorproduct",
  "pk": 80,
  "fields": {
    "product_name": "ПАТ-ПАЗ «Барьер» SIL3",
    "vendor": 44,
    "product_type": "complex",
    "system_class": 40,
    "description": "Флагманский программно-технический комплекс с резервированием, горячей заменой модулей, поддержкой протоколов OPC UA, Modbus, PROFINET и HART. Обеспечивает единую среду разработки, исполнения и диагностики для распределённых объектов.",
    "version": "5.0.3-LTS",
    "release_year": "2023-01-01",
    "end_of_support": "2031-12-31",
    "technical_specs": [
      [
        "Резервирование",
        "2oo3 / горячий резерв"
      ],
      [
        "Протоколы",
        "OPC UA, Modbus TCP, PROFINET, HART"
      ],
      [
        "Макс. тегов",
        "250 000"
      ],
      [
        "ОС",
        "Astra Linux / Windows Server"
      ]
    ],
    "subsystem_classes": [],
    "industries": [
      84,
      82
    ]
  }
},
{
  "model": "system.vendorproduct",
  "pk": 81,
  "fields": {
    "product_name": "ПАТ-Контроллер «Рубеж» R2000",
    "vendor": 44,
    "product_type": "complex",
    "system_class": 34,
    "description": "Флагманский программно-технический комплекс с резервированием, горячей заменой модулей, поддержкой протоколов OPC UA, Modbus, PROFINET и HART. Обеспечивает единую среду разработки, исполнения и диагностики для распределённых объектов.",
    "version": "5.0.3-LTS",
    "release_year": "2023-01-01",
    "end_of_support": "2031-12-31",
    "technical_specs": [
      [
        "Резервирование",
        "2oo3 / горячий резерв"
      ],
      [
        "Протоколы",
        "OPC UA, Modbus TCP, PROFINET, HART"
      ],
      [
        "Макс. тегов",
        "250 000"
      ],
      [
        "ОС",
        "Astra Linux / Windows Server"
      ]
    ],
    "subsystem_classes": [],
    "industries": [
      89
    ]
  }
},
{
  "model": "system.vendorproduct",
  "pk": 82,
  "fields": {
    "product_name": "ПАТ-MES «Поток»",
    "vendor": 44,
    "product_type": "complex",
    "system_class": 42,
    "description": "Флагманский программно-технический комплекс с резервированием, горячей заменой модулей, поддержкой протоколов OPC UA, Modbus, PROFINET и HART. Обеспечивает единую среду разработки, исполнения и диагностики для распределённых объектов.",
    "version": "5.0.3-LTS",
    "release_year": "2023-01-01",
    "end_of_support": "2031-12-31",
    "technical_specs": [
      [
        "Резервирование",
        "2oo3 / горячий резерв"
      ],
      [
        "Протоколы",
        "OPC UA, Modbus TCP, PROFINET, HART"
      ],
      [
        "Макс. тегов",
        "250 000"
      ],
      [
        "ОС",
        "Astra Linux / Windows Server"
      ]
    ],
    "subsystem_classes": [],
    "industries": [
      81,
      86
    ]
  }
},
{
  "model": "system.vendorproduct",
  "pk": 83,
  "fields": {
    "product_name": "ПАТ-Вибро «Пульс» VMS",
    "vendor": 44,
    "product_type": "complex",
    "system_class": 41,
    "description": "Флагманский программно-технический комплекс с резервированием, горячей заменой модулей, поддержкой протоколов OPC UA, Modbus, PROFINET и HART. Обеспечивает единую среду разработки, исполнения и диагностики для распределённых объектов.",
    "version": "5.0.3-LTS",
    "release_year": "2023-01-01",
    "end_of_support": "2031-12-31",
    "technical_specs": [
      [
        "Резервирование",
        "2oo3 / горячий резерв"
      ],
      [
        "Протоколы",
        "OPC UA, Modbus TCP, PROFINET, HART"
      ],
      [
        "Макс. тегов",
        "250 000"
      ],
      [
        "ОС",
        "Astra Linux / Windows Server"
      ]
    ],
    "subsystem_classes": [],
    "industries": [
      88,
      90
    ]
  }
},
{
  "model": "system.vendorproduct",
  "pk": 84,
  "fields": {
    "product_name": "ИСПЦ-Платформа «Единство» DCS",
    "vendor": 45,
    "product_type": "complex",
    "system_class": 39,
    "description": "Флагманский программно-технический комплекс с резервированием, горячей заменой модулей, поддержкой протоколов OPC UA, Modbus, PROFINET и HART. Обеспечивает единую среду разработки, исполнения и диагностики для распределённых объектов.",
    "version": "4.2",
    "release_year": "2022-06-01",
    "end_of_support": null,
    "technical_specs": [
      [
        "Отказоустойчивость",
        "99,99%"
      ]
    ],
    "subsystem_classes": [],
    "industries": [
      82,
      85
    ]
  }
},
{
  "model": "system.vendorproduct",
  "pk": 85,
  "fields": {
    "product_name": "ИСПЦ-Аналитика «Оракул» APC",
    "vendor": 45,
    "product_type": "complex",
    "system_class": 37,
    "description": "Флагманский программно-технический комплекс с резервированием, горячей заменой модулей, поддержкой протоколов OPC UA, Modbus, PROFINET и HART. Обеспечивает единую среду разработки, исполнения и диагностики для распределённых объектов.",
    "version": "4.2",
    "release_year": "2022-06-01",
    "end_of_support": null,
    "technical_specs": [
      [
        "Отказоустойчивость",
        "99,99%"
      ]
    ],
    "subsystem_classes": [],
    "industries": [
      81
    ]
  }
},
{
  "model": "system.vendorproduct",
  "pk": 86,
  "fields": {
    "product_name": "ИСПЦ-ЛИМС «Эталон»",
    "vendor": 45,
    "product_type": "complex",
    "system_class": 50,
    "description": "Флагманский программно-технический комплекс с резервированием, горячей заменой модулей, поддержкой протоколов OPC UA, Modbus, PROFINET и HART. Обеспечивает единую среду разработки, исполнения и диагностики для распределённых объектов.",
    "version": "4.2",
    "release_year": "2022-06-01",
    "end_of_support": null,
    "technical_specs": [
      [
        "Отказоустойчивость",
        "99,99%"
      ]
    ],
    "subsystem_classes": [],
    "industries": [
      91,
      92
    ]
  }
},
{
  "model": "system.vendorproduct",
  "pk": 87,
  "fields": {
    "product_name": "ПАТ-РСУ «Магистраль» X9 Enterprise",
    "vendor": 44,
    "product_type": "complex",
    "system_class": 39,
    "description": "Корпоративная редакция распределённой системы управления для территориально распределённых производств. Поддерживает мультиплощадочную архитектуру, единый historian и централизованное администрирование.",
    "version": "9.1 Enterprise",
    "release_year": "2023-09-01",
    "end_of_support": "2033-09-01",
    "technical_specs": [
      [
        "Площадок",
        "до 32"
      ],
      [
        "Тегов",
        "1 000 000"
      ]
    ],
    "subsystem_classes": [],
    "industries": [
      81,
      82,
      85
    ]
  }
},
{
  "model": "system.automationsystem",
  "pk": 37,
  "fields": {
    "autosystem_name": "РСУ Уфимского НПЗ",
    "autosystem_short_name": "",
    "system_class": 39,
    "product": 65,
    "system_status": "active",
    "notes": "",
    "release_year": null,
    "technical_specs": null,
    "modules": null,
    "interfaces": null,
    "creator": 1,
    "subsystem_classes": []
  }
},
{
  "model": "system.automationsystem",
  "pk": 38,
  "fields": {
    "autosystem_name": "ПАЗ ЭЛОУ-АВТ-6",
    "autosystem_short_name": "",
    "system_class": 40,
    "product": 68,
    "system_status": "planned",
    "notes": "",
    "release_year": null,
    "technical_specs": null,
    "modules": null,
    "interfaces": null,
    "creator": 1,
    "subsystem_classes": []
  }
},
{
  "model": "system.automationsystem",
  "pk": 39,
  "fields": {
    "autosystem_name": "ПЛК ЭЛОУ-АВТ-6",
    "autosystem_short_name": "",
    "system_class": 34,
    "product": 66,
    "system_status": "unsupported",
    "notes": "",
    "release_year": null,
    "technical_specs": null,
    "modules": null,
    "interfaces": null,
    "creator": 1,
    "subsystem_classes": []
  }
},
{
  "model": "system.automationsystem",
  "pk": 40,
  "fields": {
    "autosystem_name": "РСУ крекинга",
    "autosystem_short_name": "",
    "system_class": 39,
    "product": 74,
    "system_status": "decommissioned",
    "notes": "",
    "release_year": null,
    "technical_specs": null,
    "modules": null,
    "interfaces": null,
    "creator": 1,
    "subsystem_classes": []
  }
},
{
  "model": "system.automationsystem",
  "pk": 41,
  "fields": {
    "autosystem_name": "MES Уфимского НПЗ",
    "autosystem_short_name": "",
    "system_class": 42,
    "product": 72,
    "system_status": "active",
    "notes": "",
    "release_year": null,
    "technical_specs": null,
    "modules": null,
    "interfaces": null,
    "creator": 1,
    "subsystem_classes": []
  }
},
{
  "model": "system.automationsystem",
  "pk": 42,
  "fields": {
    "autosystem_name": "РСУ Оренбургского ГПЗ",
    "autosystem_short_name": "",
    "system_class": 39,
    "product": 69,
    "system_status": "planned",
    "notes": "",
    "release_year": null,
    "technical_specs": null,
    "modules": null,
    "interfaces": null,
    "creator": 1,
    "subsystem_classes": []
  }
},
{
  "model": "system.automationsystem",
  "pk": 43,
  "fields": {
    "autosystem_name": "ПАЗ сероочистки",
    "autosystem_short_name": "",
    "system_class": 40,
    "product": 70,
    "system_status": "unsupported",
    "notes": "",
    "release_year": null,
    "technical_specs": null,
    "modules": null,
    "interfaces": null,
    "creator": 1,
    "subsystem_classes": []
  }
},
{
  "model": "system.automationsystem",
  "pk": 44,
  "fields": {
    "autosystem_name": "КИПиА Оренбургского ГПЗ",
    "autosystem_short_name": "",
    "system_class": 33,
    "product": 75,
    "system_status": "decommissioned",
    "notes": "",
    "release_year": null,
    "technical_specs": null,
    "modules": null,
    "interfaces": null,
    "creator": 1,
    "subsystem_classes": []
  }
},
{
  "model": "system.automationsystem",
  "pk": 45,
  "fields": {
    "autosystem_name": "РСУ Тобольск",
    "autosystem_short_name": "",
    "system_class": 39,
    "product": 73,
    "system_status": "active",
    "notes": "",
    "release_year": null,
    "technical_specs": null,
    "modules": null,
    "interfaces": null,
    "creator": 1,
    "subsystem_classes": []
  }
},
{
  "model": "system.automationsystem",
  "pk": 46,
  "fields": {
    "autosystem_name": "MES Тобольск",
    "autosystem_short_name": "",
    "system_class": 42,
    "product": 72,
    "system_status": "planned",
    "notes": "",
    "release_year": null,
    "technical_specs": null,
    "modules": null,
    "interfaces": null,
    "creator": 1,
    "subsystem_classes": []
  }
},
{
  "model": "system.automationsystem",
  "pk": 47,
  "fields": {
    "autosystem_name": "SCADA Череповец",
    "autosystem_short_name": "",
    "system_class": 38,
    "product": 71,
    "system_status": "unsupported",
    "notes": "",
    "release_year": null,
    "technical_specs": null,
    "modules": null,
    "interfaces": null,
    "creator": 1,
    "subsystem_classes": []
  }
},
{
  "model": "system.automationsystem",
  "pk": 48,
  "fields": {
    "autosystem_name": "LIMS лаборатории",
    "autosystem_short_name": "",
    "system_class": 50,
    "product": 77,
    "system_status": "decommissioned",
    "notes": "",
    "release_year": null,
    "technical_specs": null,
    "modules": null,
    "interfaces": null,
    "creator": 1,
    "subsystem_classes": []
  }
},
{
  "model": "system.automationsystem",
  "pk": 49,
  "fields": {
    "autosystem_name": "КИПиА грануляции",
    "autosystem_short_name": "",
    "system_class": 33,
    "product": 76,
    "system_status": "active",
    "notes": "",
    "release_year": null,
    "technical_specs": null,
    "modules": null,
    "interfaces": null,
    "creator": 1,
    "subsystem_classes": []
  }
},
{
  "model": "system.automationsystem",
  "pk": 50,
  "fields": {
    "autosystem_name": "РСУ «Магистраль» АНХК",
    "autosystem_short_name": "РСУ",
    "system_class": 39,
    "product": 78,
    "system_status": "active",
    "notes": "Промышленная система автоматизации, введённая в рамках программы цифровой трансформации комплекса. Обеспечивает сбор данных, управление, противоаварийную защиту и информационную поддержку принятия решений. Интегрирована со смежными системами уровней L0–L4 через единую шину данных и historian.",
    "release_year": "2022-01-01",
    "technical_specs": [
      [
        "Резервирование",
        "горячий резерв"
      ],
      [
        "Кол-во сигналов",
        "12 400"
      ]
    ],
    "modules": [
      "Сбор данных",
      "Управление",
      "Тренды",
      "Отчётность"
    ],
    "interfaces": [
      "OPC UA",
      "Modbus TCP",
      "SQL"
    ],
    "creator": 1,
    "subsystem_classes": []
  }
},
{
  "model": "system.automationsystem",
  "pk": 51,
  "fields": {
    "autosystem_name": "ПАЗ «Барьер» ЭЛОУ-АВТ-10",
    "autosystem_short_name": "ПАЗ",
    "system_class": 40,
    "product": 79,
    "system_status": "planned",
    "notes": "Промышленная система автоматизации, введённая в рамках программы цифровой трансформации комплекса. Обеспечивает сбор данных, управление, противоаварийную защиту и информационную поддержку принятия решений. Интегрирована со смежными системами уровней L0–L4 через единую шину данных и historian.",
    "release_year": "2022-01-01",
    "technical_specs": [
      [
        "Резервирование",
        "горячий резерв"
      ],
      [
        "Кол-во сигналов",
        "12 400"
      ]
    ],
    "modules": [
      "Сбор данных",
      "Управление",
      "Тренды",
      "Отчётность"
    ],
    "interfaces": [
      "OPC UA",
      "Modbus TCP",
      "SQL"
    ],
    "creator": 1,
    "subsystem_classes": []
  }
},
{
  "model": "system.automationsystem",
  "pk": 52,
  "fields": {
    "autosystem_name": "SCADA энергоблока",
    "autosystem_short_name": "SCADA",
    "system_class": 38,
    "product": 80,
    "system_status": "unsupported",
    "notes": "Промышленная система автоматизации, введённая в рамках программы цифровой трансформации комплекса. Обеспечивает сбор данных, управление, противоаварийную защиту и информационную поддержку принятия решений. Интегрирована со смежными системами уровней L0–L4 через единую шину данных и historian.",
    "release_year": "2022-01-01",
    "technical_specs": [
      [
        "Резервирование",
        "горячий резерв"
      ],
      [
        "Кол-во сигналов",
        "12 400"
      ]
    ],
    "modules": [
      "Сбор данных",
      "Управление",
      "Тренды",
      "Отчётность"
    ],
    "interfaces": [
      "OPC UA",
      "Modbus TCP",
      "SQL"
    ],
    "creator": 1,
    "subsystem_classes": []
  }
},
{
  "model": "system.automationsystem",
  "pk": 53,
  "fields": {
    "autosystem_name": "APC каткрекинга",
    "autosystem_short_name": "APC",
    "system_class": 37,
    "product": 81,
    "system_status": "decommissioned",
    "notes": "Промышленная система автоматизации, введённая в рамках программы цифровой трансформации комплекса. Обеспечивает сбор данных, управление, противоаварийную защиту и информационную поддержку принятия решений. Интегрирована со смежными системами уровней L0–L4 через единую шину данных и historian.",
    "release_year": "2022-01-01",
    "technical_specs": [
      [
        "Резервирование",
        "горячий резерв"
      ],
      [
        "Кол-во сигналов",
        "12 400"
      ]
    ],
    "modules": [
      "Сбор данных",
      "Управление",
      "Тренды",
      "Отчётность"
    ],
    "interfaces": [
      "OPC UA",
      "Modbus TCP",
      "SQL"
    ],
    "creator": 1,
    "subsystem_classes": []
  }
},
{
  "model": "system.automationsystem",
  "pk": 54,
  "fields": {
    "autosystem_name": "MES нефтехимического комплекса",
    "autosystem_short_name": "MES",
    "system_class": 42,
    "product": 82,
    "system_status": "active",
    "notes": "Промышленная система автоматизации, введённая в рамках программы цифровой трансформации комплекса. Обеспечивает сбор данных, управление, противоаварийную защиту и информационную поддержку принятия решений. Интегрирована со смежными системами уровней L0–L4 через единую шину данных и historian.",
    "release_year": "2022-01-01",
    "technical_specs": [
      [
        "Резервирование",
        "горячий резерв"
      ],
      [
        "Кол-во сигналов",
        "12 400"
      ]
    ],
    "modules": [
      "Сбор данных",
      "Управление",
      "Тренды",
      "Отчётность"
    ],
    "interfaces": [
      "OPC UA",
      "Modbus TCP",
      "SQL"
    ],
    "creator": 1,
    "subsystem_classes": []
  }
},
{
  "model": "system.automationsystem",
  "pk": 55,
  "fields": {
    "autosystem_name": "LIMS центральной лаборатории",
    "autosystem_short_name": "LIMS",
    "system_class": 50,
    "product": 83,
    "system_status": "planned",
    "notes": "Промышленная система автоматизации, введённая в рамках программы цифровой трансформации комплекса. Обеспечивает сбор данных, управление, противоаварийную защиту и информационную поддержку принятия решений. Интегрирована со смежными системами уровней L0–L4 через единую шину данных и historian.",
    "release_year": "2022-01-01",
    "technical_specs": [
      [
        "Резервирование",
        "горячий резерв"
      ],
      [
        "Кол-во сигналов",
        "12 400"
      ]
    ],
    "modules": [
      "Сбор данных",
      "Управление",
      "Тренды",
      "Отчётность"
    ],
    "interfaces": [
      "OPC UA",
      "Modbus TCP",
      "SQL"
    ],
    "creator": 1,
    "subsystem_classes": []
  }
},
{
  "model": "system.automationsystem",
  "pk": 56,
  "fields": {
    "autosystem_name": "Система вибромониторинга насосных",
    "autosystem_short_name": "Система",
    "system_class": 41,
    "product": 84,
    "system_status": "unsupported",
    "notes": "Промышленная система автоматизации, введённая в рамках программы цифровой трансформации комплекса. Обеспечивает сбор данных, управление, противоаварийную защиту и информационную поддержку принятия решений. Интегрирована со смежными системами уровней L0–L4 через единую шину данных и historian.",
    "release_year": "2022-01-01",
    "technical_specs": [
      [
        "Резервирование",
        "горячий резерв"
      ],
      [
        "Кол-во сигналов",
        "12 400"
      ]
    ],
    "modules": [
      "Сбор данных",
      "Управление",
      "Тренды",
      "Отчётность"
    ],
    "interfaces": [
      "OPC UA",
      "Modbus TCP",
      "SQL"
    ],
    "creator": 1,
    "subsystem_classes": []
  }
},
{
  "model": "system.automationsystem",
  "pk": 57,
  "fields": {
    "autosystem_name": "ПЛК узлов смешения",
    "autosystem_short_name": "ПЛК",
    "system_class": 34,
    "product": 85,
    "system_status": "decommissioned",
    "notes": "Промышленная система автоматизации, введённая в рамках программы цифровой трансформации комплекса. Обеспечивает сбор данных, управление, противоаварийную защиту и информационную поддержку принятия решений. Интегрирована со смежными системами уровней L0–L4 через единую шину данных и historian.",
    "release_year": "2022-01-01",
    "technical_specs": [
      [
        "Резервирование",
        "горячий резерв"
      ],
      [
        "Кол-во сигналов",
        "12 400"
      ]
    ],
    "modules": [
      "Сбор данных",
      "Управление",
      "Тренды",
      "Отчётность"
    ],
    "interfaces": [
      "OPC UA",
      "Modbus TCP",
      "SQL"
    ],
    "creator": 1,
    "subsystem_classes": []
  }
},
{
  "model": "system.automationsystem",
  "pk": 58,
  "fields": {
    "autosystem_name": "Диспетчеризация ТСБ",
    "autosystem_short_name": "Диспетчеризация",
    "system_class": 48,
    "product": 86,
    "system_status": "active",
    "notes": "Промышленная система автоматизации, введённая в рамках программы цифровой трансформации комплекса. Обеспечивает сбор данных, управление, противоаварийную защиту и информационную поддержку принятия решений. Интегрирована со смежными системами уровней L0–L4 через единую шину данных и historian.",
    "release_year": "2022-01-01",
    "technical_specs": [
      [
        "Резервирование",
        "горячий резерв"
      ],
      [
        "Кол-во сигналов",
        "12 400"
      ]
    ],
    "modules": [
      "Сбор данных",
      "Управление",
      "Тренды",
      "Отчётность"
    ],
    "interfaces": [
      "OPC UA",
      "Modbus TCP",
      "SQL"
    ],
    "creator": 1,
    "subsystem_classes": []
  }
},
{
  "model": "system.automationsystem",
  "pk": 59,
  "fields": {
    "autosystem_name": "ТОиР и управление активами",
    "autosystem_short_name": "ТОиР",
    "system_class": 44,
    "product": 72,
    "system_status": "planned",
    "notes": "Промышленная система автоматизации, введённая в рамках программы цифровой трансформации комплекса. Обеспечивает сбор данных, управление, противоаварийную защиту и информационную поддержку принятия решений. Интегрирована со смежными системами уровней L0–L4 через единую шину данных и historian.",
    "release_year": "2022-01-01",
    "technical_specs": [
      [
        "Резервирование",
        "горячий резерв"
      ],
      [
        "Кол-во сигналов",
        "12 400"
      ]
    ],
    "modules": [
      "Сбор данных",
      "Управление",
      "Тренды",
      "Отчётность"
    ],
    "interfaces": [
      "OPC UA",
      "Modbus TCP",
      "SQL"
    ],
    "creator": 1,
    "subsystem_classes": []
  }
},
{
  "model": "system.automationsystem",
  "pk": 60,
  "fields": {
    "autosystem_name": "Единая РСУ «Магистраль» (мультиплощадочная)",
    "autosystem_short_name": "РСУ-Магистраль",
    "system_class": 39,
    "product": 87,
    "system_status": "active",
    "notes": "Мультиплощадочная распределённая система управления, развёрнутая на пяти производственных объектах холдинга в единой архитектуре с централизованным мониторингом и общим хранилищем данных.",
    "release_year": "2023-09-01",
    "technical_specs": [
      [
        "Площадок",
        "5"
      ],
      [
        "Общее число тегов",
        "480 000"
      ]
    ],
    "modules": [
      "Оперативное управление",
      "Историзация",
      "Аварийная сигнализация",
      "Отчётность",
      "Веб-доступ"
    ],
    "interfaces": [
      "OPC UA",
      "Modbus TCP",
      "PROFINET",
      "REST API"
    ],
    "creator": 1,
    "subsystem_classes": []
  }
},
{
  "model": "entities.entity",
  "pk": 85,
  "fields": {
    "entity_name": "Siemens AG",
    "inn": "7700000137",
    "contacts": [],
    "registration_date": "1847-03-15",
    "financial_data": {
      "Выручка": "€72 млрд",
      "Сотрудников": "311 000",
      "Год основания": "1847"
    },
    "entity_type": "vendor",
    "is_partner": true,
    "website": "https://www.siemens.com",
    "kam_name": "Иванов И.И.",
    "kam_phone": "+7 (495) 111-22-33",
    "contact_person": "Петров П.П. (ЦК ПА)",
    "contact_phone": "+7 (495) 444-55-66",
    "presentation_url": "https://cdn.siemens-ag.ru/presentation.pdf",
    "profile": "Германский концерн; АСУ ТП, PLC/DCS."
  }
},
{
  "model": "entities.entity",
  "pk": 86,
  "fields": {
    "entity_name": "Honeywell International Inc.",
    "inn": "7700000274",
    "contacts": [],
    "registration_date": "1906-03-15",
    "financial_data": {
      "Выручка": "$36 млрд",
      "Сотрудников": "97 000",
      "Год основания": "1906"
    },
    "entity_type": "vendor",
    "is_partner": true,
    "website": "https://www.honeywell.com",
    "kam_name": "Иванов И.И.",
    "kam_phone": "+7 (495) 111-22-33",
    "contact_person": "Петров П.П. (ЦК ПА)",
    "contact_phone": "+7 (495) 444-55-66",
    "presentation_url": "https://cdn.honeywell-international-inc.ru/presentation.pdf",
    "profile": "Вендор DCS/ESD Experion."
  }
},
{
  "model": "entities.entity",
  "pk": 87,
  "fields": {
    "entity_name": "Yokogawa Electric Corporation",
    "inn": "7700000411",
    "contacts": [],
    "registration_date": "1915-03-15",
    "financial_data": {
      "Выручка": "¥456 млрд",
      "Сотрудников": "17 000",
      "Год основания": "1915"
    },
    "entity_type": "vendor",
    "is_partner": true,
    "website": "https://www.yokogawa.com",
    "kam_name": "Иванов И.И.",
    "kam_phone": "+7 (495) 111-22-33",
    "contact_person": "Петров П.П. (ЦК ПА)",
    "contact_phone": "+7 (495) 444-55-66",
    "presentation_url": "https://cdn.yokogawa-electric-corporation.ru/presentation.pdf",
    "profile": "Вендор РСУ CENTUM VP."
  }
},
{
  "model": "entities.entity",
  "pk": 88,
  "fields": {
    "entity_name": "AVEVA Group plc",
    "inn": "7700000548",
    "contacts": [],
    "registration_date": "1967-03-15",
    "financial_data": {
      "Выручка": "£1,2 млрд",
      "Сотрудников": "6 500",
      "Год основания": "1967"
    },
    "entity_type": "vendor",
    "is_partner": true,
    "website": "https://www.aveva.com",
    "kam_name": "Иванов И.И.",
    "kam_phone": "+7 (495) 111-22-33",
    "contact_person": "Петров П.П. (ЦК ПА)",
    "contact_phone": "+7 (495) 444-55-66",
    "presentation_url": "https://cdn.aveva-group-plc.ru/presentation.pdf",
    "profile": "Вендор SCADA/MES и PI System."
  }
},
{
  "model": "entities.entity",
  "pk": 89,
  "fields": {
    "entity_name": "ООО «Прософт-Системы»",
    "inn": "7700000685",
    "contacts": [],
    "registration_date": "1995-03-15",
    "financial_data": {
      "Выручка": "4,5 млрд ₽",
      "Сотрудников": "900",
      "Год основания": "1995"
    },
    "entity_type": "supplier",
    "is_partner": false,
    "website": "https://www.ooo-prosoft-sistemy.ru",
    "kam_name": "Иванов И.И.",
    "kam_phone": "+7 (495) 111-22-33",
    "contact_person": "Петров П.П. (ЦК ПА)",
    "contact_phone": "+7 (495) 444-55-66",
    "presentation_url": "https://cdn.ooo-prosoft-sistemy.ru/presentation.pdf",
    "profile": "Разработка и поставка АСУ ТП, ПЛК ARIS."
  }
},
{
  "model": "entities.entity",
  "pk": 90,
  "fields": {
    "entity_name": "ООО «КИП-Сервис»",
    "inn": "7700000822",
    "contacts": [],
    "registration_date": "2001-03-15",
    "financial_data": {
      "Выручка": "6,1 млрд ₽",
      "Сотрудников": "700",
      "Год основания": "2001"
    },
    "entity_type": "supplier",
    "is_partner": false,
    "website": "https://www.ooo-kip-servis.ru",
    "kam_name": "Иванов И.И.",
    "kam_phone": "+7 (495) 111-22-33",
    "contact_person": "Петров П.П. (ЦК ПА)",
    "contact_phone": "+7 (495) 444-55-66",
    "presentation_url": "https://cdn.ooo-kip-servis.ru/presentation.pdf",
    "profile": "Поставка КИПиА и средств автоматизации."
  }
},
{
  "model": "entities.entity",
  "pk": 91,
  "fields": {
    "entity_name": "ГК «СМС-Автоматизация»",
    "inn": "7700000959",
    "contacts": [],
    "registration_date": "1993-03-15",
    "financial_data": {
      "Выручка": "8,0 млрд ₽",
      "Сотрудников": "1 200",
      "Год основания": "1993"
    },
    "entity_type": "system_integrator",
    "is_partner": false,
    "website": "https://www.gk-sms-avtomatizaciya.ru",
    "kam_name": "Иванов И.И.",
    "kam_phone": "+7 (495) 111-22-33",
    "contact_person": "Петров П.П. (ЦК ПА)",
    "contact_phone": "+7 (495) 444-55-66",
    "presentation_url": "https://cdn.gk-sms-avtomatizaciya.ru/presentation.pdf",
    "profile": "Системный интегратор АСУ ТП."
  }
},
{
  "model": "entities.entity",
  "pk": 92,
  "fields": {
    "entity_name": "ООО «УльтимаТек»",
    "inn": "7700001096",
    "contacts": [],
    "registration_date": "2013-03-15",
    "financial_data": {
      "Выручка": "3,4 млрд ₽",
      "Сотрудников": "450",
      "Год основания": "2013"
    },
    "entity_type": "system_integrator",
    "is_partner": false,
    "website": "https://www.ooo-ultimatek.ru",
    "kam_name": "Иванов И.И.",
    "kam_phone": "+7 (495) 111-22-33",
    "contact_person": "Петров П.П. (ЦК ПА)",
    "contact_phone": "+7 (495) 444-55-66",
    "presentation_url": "https://cdn.ooo-ultimatek.ru/presentation.pdf",
    "profile": "Цифровизация и интеграция АСУ ТП."
  }
},
{
  "model": "entities.entity",
  "pk": 93,
  "fields": {
    "entity_name": "ООО «Сумма Технологий»",
    "inn": "7700001233",
    "contacts": [],
    "registration_date": "2004-03-15",
    "financial_data": {
      "Выручка": "5,2 млрд ₽",
      "Сотрудников": "600",
      "Год основания": "2004"
    },
    "entity_type": "system_integrator",
    "is_partner": false,
    "website": "https://www.ooo-summa-tehnologiy.ru",
    "kam_name": "Иванов И.И.",
    "kam_phone": "+7 (495) 111-22-33",
    "contact_person": "Петров П.П. (ЦК ПА)",
    "contact_phone": "+7 (495) 444-55-66",
    "presentation_url": "https://cdn.ooo-summa-tehnologiy.ru/presentation.pdf",
    "profile": "Комплексная автоматизация производств."
  }
},
{
  "model": "entities.entity",
  "pk": 94,
  "fields": {
    "entity_name": "ООО «Адвантек-Промышленная Автоматизация»",
    "inn": "7700001370",
    "contacts": [],
    "registration_date": "2006-03-15",
    "financial_data": {
      "Выручка": "2,1 млрд ₽",
      "Сотрудников": "320",
      "Год основания": "2006"
    },
    "entity_type": "engineering_company",
    "is_partner": false,
    "website": "https://www.ooo-advantek-promyshlennaya-avtomatizaci.ru",
    "kam_name": "Иванов И.И.",
    "kam_phone": "+7 (495) 111-22-33",
    "contact_person": "Петров П.П. (ЦК ПА)",
    "contact_phone": "+7 (495) 444-55-66",
    "presentation_url": "https://cdn.ooo-advantek-promyshlennaya-avtomatizaci.ru/presentation.pdf",
    "profile": "Инжиниринг АСУ ТП, DCS/ESD."
  }
},
{
  "model": "entities.entity",
  "pk": 95,
  "fields": {
    "entity_name": "НПП «Промышленная Автоматизация»",
    "inn": "7700001507",
    "contacts": [],
    "registration_date": "1999-03-15",
    "financial_data": {
      "Выручка": "1,8 млрд ₽",
      "Сотрудников": "280",
      "Год основания": "1999"
    },
    "entity_type": "engineering_company",
    "is_partner": false,
    "website": "https://www.npp-promyshlennaya-avtomatizaciya.ru",
    "kam_name": "Иванов И.И.",
    "kam_phone": "+7 (495) 111-22-33",
    "contact_person": "Петров П.П. (ЦК ПА)",
    "contact_phone": "+7 (495) 444-55-66",
    "presentation_url": "https://cdn.npp-promyshlennaya-avtomatizaciya.ru/presentation.pdf",
    "profile": "Проектирование и внедрение АСУ ТП."
  }
},
{
  "model": "entities.entity",
  "pk": 96,
  "fields": {
    "entity_name": "ООО «ИндаСофт»",
    "inn": "7700001644",
    "contacts": [],
    "registration_date": "1996-03-15",
    "financial_data": {
      "Выручка": "3,0 млрд ₽",
      "Сотрудников": "500",
      "Год основания": "1996"
    },
    "entity_type": "engineering_company",
    "is_partner": false,
    "website": "https://www.ooo-indasoft.ru",
    "kam_name": "Иванов И.И.",
    "kam_phone": "+7 (495) 111-22-33",
    "contact_person": "Петров П.П. (ЦК ПА)",
    "contact_phone": "+7 (495) 444-55-66",
    "presentation_url": "https://cdn.ooo-indasoft.ru/presentation.pdf",
    "profile": "MES/LIMS-интеграция, PI System."
  }
},
{
  "model": "entities.entity",
  "pk": 97,
  "fields": {
    "entity_name": "Schneider Electric SE",
    "inn": "7700001781",
    "contacts": [],
    "registration_date": "1836-03-15",
    "financial_data": {
      "Выручка": "€36 млрд",
      "Сотрудников": "168 000",
      "Год основания": "1836"
    },
    "entity_type": "full_cycle_vendor",
    "is_partner": true,
    "website": "https://www.se.com",
    "kam_name": "Иванов И.И.",
    "kam_phone": "+7 (495) 111-22-33",
    "contact_person": "Петров П.П. (ЦК ПА)",
    "contact_phone": "+7 (495) 444-55-66",
    "presentation_url": "https://cdn.schneider-electric-se.ru/presentation.pdf",
    "profile": "Вендор полного цикла EcoStruxure."
  }
},
{
  "model": "entities.entity",
  "pk": 98,
  "fields": {
    "entity_name": "Emerson Electric Co.",
    "inn": "7700001918",
    "contacts": [],
    "registration_date": "1890-03-15",
    "financial_data": {
      "Выручка": "$15 млрд",
      "Сотрудников": "67 000",
      "Год основания": "1890"
    },
    "entity_type": "full_cycle_vendor",
    "is_partner": true,
    "website": "https://www.emerson.com",
    "kam_name": "Иванов И.И.",
    "kam_phone": "+7 (495) 111-22-33",
    "contact_person": "Петров П.П. (ЦК ПА)",
    "contact_phone": "+7 (495) 444-55-66",
    "presentation_url": "https://cdn.emerson-electric-co.ru/presentation.pdf",
    "profile": "Вендор полного цикла DeltaV."
  }
},
{
  "model": "entities.entity",
  "pk": 99,
  "fields": {
    "entity_name": "Endress+Hauser Group",
    "inn": "7700002055",
    "contacts": [],
    "registration_date": "1953-03-15",
    "financial_data": {
      "Выручка": "€3,3 млрд",
      "Сотрудников": "16 000",
      "Год основания": "1953"
    },
    "entity_type": "full_cycle_vendor",
    "is_partner": true,
    "website": "https://www.endress.com",
    "kam_name": "Иванов И.И.",
    "kam_phone": "+7 (495) 111-22-33",
    "contact_person": "Петров П.П. (ЦК ПА)",
    "contact_phone": "+7 (495) 444-55-66",
    "presentation_url": "https://cdn.endress-hauser-group.ru/presentation.pdf",
    "profile": "Вендор полного цикла КИПиА и аналитики."
  }
},
{
  "model": "entities.entity",
  "pk": 100,
  "fields": {
    "entity_name": "ООО «ПромАвтоматика Технологии» (ПАТ)",
    "inn": "9900000001",
    "contacts": [
      [
        "Приёмная",
        "+7 (495) 780-11-00"
      ],
      [
        "Сервис 24/7",
        "+7 (800) 555-77-99"
      ],
      [
        "E-mail",
        "info@pat.ru"
      ]
    ],
    "registration_date": "1989-06-12",
    "financial_data": [
      [
        "Выручка 2024",
        "61,4 млрд ₽"
      ],
      [
        "Сотрудников",
        "5 200"
      ],
      [
        "Проектов за год",
        "120+"
      ],
      [
        "Доля R&D",
        "8%"
      ]
    ],
    "entity_type": "vendor",
    "is_partner": true,
    "website": "https://www.pat-systems.ru",
    "kam_name": "Смирнова Анастасия Владимировна",
    "kam_phone": "+7 (495) 780-11-42",
    "contact_person": "Кузнецов Дмитрий Сергеевич (ЦК ПА)",
    "contact_phone": "+7 (495) 780-11-88",
    "presentation_url": "https://cdn.showcase.ru/presentation-full.pdf",
    "profile": "ООО «ПромАвтоматика Технологии» (ПАТ) — крупный игрок рынка промышленной автоматизации с более чем трёхдесятилетней историей. Компания реализует полный спектр работ: предпроектное обследование, разработку проектной и рабочей документации, поставку оборудования, пусконаладку, интеграцию систем уровней L0–L4 и последующее сервисное сопровождение. Накоплена экспертиза в нефтепереработке, нефтехимии, газопереработке и металлургии; действуют собственный учебный центр и круглосуточная линия технической поддержки. Компания придерживается стандартов функциональной безопасности МЭК 61508/61511 и практик информационной безопасности АСУ ТП."
  }
},
{
  "model": "entities.entity",
  "pk": 101,
  "fields": {
    "entity_name": "АО «Индустриальные Поставки и Комплектация»",
    "inn": "9900000002",
    "contacts": [
      [
        "Приёмная",
        "+7 (495) 780-11-00"
      ],
      [
        "Сервис 24/7",
        "+7 (800) 555-77-99"
      ],
      [
        "E-mail",
        "info@ipk.ru"
      ]
    ],
    "registration_date": "1994-06-12",
    "financial_data": [
      [
        "Выручка 2024",
        "28,9 млрд ₽"
      ],
      [
        "Сотрудников",
        "1 400"
      ],
      [
        "Проектов за год",
        "120+"
      ],
      [
        "Доля R&D",
        "8%"
      ]
    ],
    "entity_type": "supplier",
    "is_partner": true,
    "website": "https://www.ipk-supply.ru",
    "kam_name": "Смирнова Анастасия Владимировна",
    "kam_phone": "+7 (495) 780-11-42",
    "contact_person": "Кузнецов Дмитрий Сергеевич (ЦК ПА)",
    "contact_phone": "+7 (495) 780-11-88",
    "presentation_url": "https://cdn.showcase.ru/presentation-full.pdf",
    "profile": "АО «Индустриальные Поставки и Комплектация» — крупный игрок рынка промышленной автоматизации с более чем трёхдесятилетней историей. Компания реализует полный спектр работ: предпроектное обследование, разработку проектной и рабочей документации, поставку оборудования, пусконаладку, интеграцию систем уровней L0–L4 и последующее сервисное сопровождение. Накоплена экспертиза в нефтепереработке, нефтехимии, газопереработке и металлургии; действуют собственный учебный центр и круглосуточная линия технической поддержки. Компания придерживается стандартов функциональной безопасности МЭК 61508/61511 и практик информационной безопасности АСУ ТП."
  }
},
{
  "model": "entities.entity",
  "pk": 102,
  "fields": {
    "entity_name": "ГК «Сибирский Инжиниринговый Холдинг»",
    "inn": "9900000003",
    "contacts": [
      [
        "Приёмная",
        "+7 (495) 780-11-00"
      ],
      [
        "Сервис 24/7",
        "+7 (800) 555-77-99"
      ],
      [
        "E-mail",
        "info@sib-eng.ru"
      ]
    ],
    "registration_date": "1992-06-12",
    "financial_data": [
      [
        "Выручка 2024",
        "53,1 млрд ₽"
      ],
      [
        "Сотрудников",
        "4 600"
      ],
      [
        "Проектов за год",
        "120+"
      ],
      [
        "Доля R&D",
        "8%"
      ]
    ],
    "entity_type": "system_integrator",
    "is_partner": true,
    "website": "https://www.sib-eng.ru",
    "kam_name": "Смирнова Анастасия Владимировна",
    "kam_phone": "+7 (495) 780-11-42",
    "contact_person": "Кузнецов Дмитрий Сергеевич (ЦК ПА)",
    "contact_phone": "+7 (495) 780-11-88",
    "presentation_url": "https://cdn.showcase.ru/presentation-full.pdf",
    "profile": "ГК «Сибирский Инжиниринговый Холдинг» — крупный игрок рынка промышленной автоматизации с более чем трёхдесятилетней историей. Компания реализует полный спектр работ: предпроектное обследование, разработку проектной и рабочей документации, поставку оборудования, пусконаладку, интеграцию систем уровней L0–L4 и последующее сервисное сопровождение. Накоплена экспертиза в нефтепереработке, нефтехимии, газопереработке и металлургии; действуют собственный учебный центр и круглосуточная линия технической поддержки. Компания придерживается стандартов функциональной безопасности МЭК 61508/61511 и практик информационной безопасности АСУ ТП."
  }
},
{
  "model": "entities.entity",
  "pk": 103,
  "fields": {
    "entity_name": "ООО «Национальный Центр Промышленной Цифровизации»",
    "inn": "9900000004",
    "contacts": [
      [
        "Приёмная",
        "+7 (495) 780-11-00"
      ],
      [
        "Сервис 24/7",
        "+7 (800) 555-77-99"
      ],
      [
        "E-mail",
        "info@ncpd.ru"
      ]
    ],
    "registration_date": "1997-06-12",
    "financial_data": [
      [
        "Выручка 2024",
        "19,3 млрд ₽"
      ],
      [
        "Сотрудников",
        "2 100"
      ],
      [
        "Проектов за год",
        "120+"
      ],
      [
        "Доля R&D",
        "8%"
      ]
    ],
    "entity_type": "engineering_company",
    "is_partner": true,
    "website": "https://www.ncpd.ru",
    "kam_name": "Смирнова Анастасия Владимировна",
    "kam_phone": "+7 (495) 780-11-42",
    "contact_person": "Кузнецов Дмитрий Сергеевич (ЦК ПА)",
    "contact_phone": "+7 (495) 780-11-88",
    "presentation_url": "https://cdn.showcase.ru/presentation-full.pdf",
    "profile": "ООО «Национальный Центр Промышленной Цифровизации» — крупный игрок рынка промышленной автоматизации с более чем трёхдесятилетней историей. Компания реализует полный спектр работ: предпроектное обследование, разработку проектной и рабочей документации, поставку оборудования, пусконаладку, интеграцию систем уровней L0–L4 и последующее сервисное сопровождение. Накоплена экспертиза в нефтепереработке, нефтехимии, газопереработке и металлургии; действуют собственный учебный центр и круглосуточная линия технической поддержки. Компания придерживается стандартов функциональной безопасности МЭК 61508/61511 и практик информационной безопасности АСУ ТП."
  }
},
{
  "model": "entities.entity",
  "pk": 104,
  "fields": {
    "entity_name": "АО «Интегрированные Системы Полного Цикла»",
    "inn": "9900000005",
    "contacts": [
      [
        "Приёмная",
        "+7 (495) 780-11-00"
      ],
      [
        "Сервис 24/7",
        "+7 (800) 555-77-99"
      ],
      [
        "E-mail",
        "info@ispc.ru"
      ]
    ],
    "registration_date": "1985-06-12",
    "financial_data": [
      [
        "Выручка 2024",
        "88,0 млрд ₽"
      ],
      [
        "Сотрудников",
        "7 900"
      ],
      [
        "Проектов за год",
        "120+"
      ],
      [
        "Доля R&D",
        "8%"
      ]
    ],
    "entity_type": "full_cycle_vendor",
    "is_partner": true,
    "website": "https://www.ispc.ru",
    "kam_name": "Смирнова Анастасия Владимировна",
    "kam_phone": "+7 (495) 780-11-42",
    "contact_person": "Кузнецов Дмитрий Сергеевич (ЦК ПА)",
    "contact_phone": "+7 (495) 780-11-88",
    "presentation_url": "https://cdn.showcase.ru/presentation-full.pdf",
    "profile": "АО «Интегрированные Системы Полного Цикла» — крупный игрок рынка промышленной автоматизации с более чем трёхдесятилетней историей. Компания реализует полный спектр работ: предпроектное обследование, разработку проектной и рабочей документации, поставку оборудования, пусконаладку, интеграцию систем уровней L0–L4 и последующее сервисное сопровождение. Накоплена экспертиза в нефтепереработке, нефтехимии, газопереработке и металлургии; действуют собственный учебный центр и круглосуточная линия технической поддержки. Компания придерживается стандартов функциональной безопасности МЭК 61508/61511 и практик информационной безопасности АСУ ТП."
  }
},
{
  "model": "entities.vendorprofile",
  "pk": 37,
  "fields": {
    "entity": 85
  }
},
{
  "model": "entities.vendorprofile",
  "pk": 38,
  "fields": {
    "entity": 86
  }
},
{
  "model": "entities.vendorprofile",
  "pk": 39,
  "fields": {
    "entity": 87
  }
},
{
  "model": "entities.vendorprofile",
  "pk": 40,
  "fields": {
    "entity": 88
  }
},
{
  "model": "entities.vendorprofile",
  "pk": 41,
  "fields": {
    "entity": 97
  }
},
{
  "model": "entities.vendorprofile",
  "pk": 42,
  "fields": {
    "entity": 98
  }
},
{
  "model": "entities.vendorprofile",
  "pk": 43,
  "fields": {
    "entity": 99
  }
},
{
  "model": "entities.vendorprofile",
  "pk": 44,
  "fields": {
    "entity": 100
  }
},
{
  "model": "entities.vendorprofile",
  "pk": 45,
  "fields": {
    "entity": 104
  }
},
{
  "model": "entities.supplierprofile",
  "pk": 25,
  "fields": {
    "entity": 89,
    "products": [
      71,
      66,
      87
    ]
  }
},
{
  "model": "entities.supplierprofile",
  "pk": 26,
  "fields": {
    "entity": 90,
    "products": [
      75,
      68,
      87
    ]
  }
},
{
  "model": "entities.supplierprofile",
  "pk": 27,
  "fields": {
    "entity": 97,
    "products": []
  }
},
{
  "model": "entities.supplierprofile",
  "pk": 28,
  "fields": {
    "entity": 98,
    "products": []
  }
},
{
  "model": "entities.supplierprofile",
  "pk": 29,
  "fields": {
    "entity": 99,
    "products": []
  }
},
{
  "model": "entities.supplierprofile",
  "pk": 30,
  "fields": {
    "entity": 101,
    "products": [
      72,
      71,
      75,
      74,
      77,
      76,
      81,
      80,
      79,
      87,
      78
    ]
  }
},
{
  "model": "entities.supplierprofile",
  "pk": 31,
  "fields": {
    "entity": 104,
    "products": [
      87
    ]
  }
},
{
  "model": "entities.systemintegratorprofile",
  "pk": 17,
  "fields": {
    "entity": 91,
    "managing_owner": null,
    "vendor_partners": [
      37,
      38
    ]
  }
},
{
  "model": "entities.systemintegratorprofile",
  "pk": 18,
  "fields": {
    "entity": 92,
    "managing_owner": 25,
    "vendor_partners": [
      39
    ]
  }
},
{
  "model": "entities.systemintegratorprofile",
  "pk": 19,
  "fields": {
    "entity": 93,
    "managing_owner": null,
    "vendor_partners": [
      40
    ]
  }
},
{
  "model": "entities.systemintegratorprofile",
  "pk": 20,
  "fields": {
    "entity": 102,
    "managing_owner": 30,
    "vendor_partners": [
      37,
      38,
      39,
      40,
      41,
      42
    ]
  }
},
{
  "model": "entities.systemintegratorfunctioncompetency",
  "pk": 16,
  "fields": {
    "profile": 17,
    "system_class": 42,
    "industry": null
  }
},
{
  "model": "entities.systemintegratorfunctioncompetency",
  "pk": 17,
  "fields": {
    "profile": 17,
    "system_class": null,
    "industry": 92
  }
},
{
  "model": "entities.systemintegratorfunctioncompetency",
  "pk": 18,
  "fields": {
    "profile": 18,
    "system_class": 53,
    "industry": 81
  }
},
{
  "model": "entities.systemintegratorfunctioncompetency",
  "pk": 19,
  "fields": {
    "profile": 20,
    "system_class": 53,
    "industry": null
  }
},
{
  "model": "entities.systemintegratorfunctioncompetency",
  "pk": 20,
  "fields": {
    "profile": 20,
    "system_class": null,
    "industry": 92
  }
},
{
  "model": "entities.systemintegratorfunctioncompetency",
  "pk": 21,
  "fields": {
    "profile": 20,
    "system_class": 46,
    "industry": 91
  }
},
{
  "model": "entities.engineeringcompanyprofile",
  "pk": 33,
  "fields": {
    "entity": 94,
    "region": "Пермь",
    "resident_object": null,
    "product_competencies": [
      74,
      67
    ]
  }
},
{
  "model": "entities.engineeringcompanyprofile",
  "pk": 34,
  "fields": {
    "entity": 95,
    "region": "Москва",
    "resident_object": null,
    "product_competencies": [
      65
    ]
  }
},
{
  "model": "entities.engineeringcompanyprofile",
  "pk": 35,
  "fields": {
    "entity": 96,
    "region": "Москва",
    "resident_object": null,
    "product_competencies": [
      72
    ]
  }
},
{
  "model": "entities.engineeringcompanyprofile",
  "pk": 36,
  "fields": {
    "entity": 97,
    "region": "",
    "resident_object": null,
    "product_competencies": []
  }
},
{
  "model": "entities.engineeringcompanyprofile",
  "pk": 37,
  "fields": {
    "entity": 98,
    "region": "",
    "resident_object": null,
    "product_competencies": []
  }
},
{
  "model": "entities.engineeringcompanyprofile",
  "pk": 38,
  "fields": {
    "entity": 99,
    "region": "",
    "resident_object": null,
    "product_competencies": []
  }
},
{
  "model": "entities.engineeringcompanyprofile",
  "pk": 39,
  "fields": {
    "entity": 103,
    "region": "Красноярск / Иркутск / Ангарск",
    "resident_object": null,
    "product_competencies": [
      72,
      71,
      75,
      82,
      83,
      81,
      80,
      79,
      78
    ]
  }
},
{
  "model": "entities.engineeringcompanyprofile",
  "pk": 40,
  "fields": {
    "entity": 104,
    "region": "",
    "resident_object": null,
    "product_competencies": []
  }
},
{
  "model": "entities.engineeringcompanyfunctioncompetency",
  "pk": 33,
  "fields": {
    "profile": 33,
    "system_class": 39,
    "industry": 81
  }
},
{
  "model": "entities.engineeringcompanyfunctioncompetency",
  "pk": 34,
  "fields": {
    "profile": 33,
    "system_class": 40,
    "industry": 82
  }
},
{
  "model": "entities.engineeringcompanyfunctioncompetency",
  "pk": 35,
  "fields": {
    "profile": 34,
    "system_class": null,
    "industry": 85
  }
},
{
  "model": "entities.engineeringcompanyfunctioncompetency",
  "pk": 36,
  "fields": {
    "profile": 35,
    "system_class": 42,
    "industry": null
  }
},
{
  "model": "entities.engineeringcompanyfunctioncompetency",
  "pk": 37,
  "fields": {
    "profile": 39,
    "system_class": 39,
    "industry": 81
  }
},
{
  "model": "entities.engineeringcompanyfunctioncompetency",
  "pk": 38,
  "fields": {
    "profile": 39,
    "system_class": 40,
    "industry": 82
  }
},
{
  "model": "entities.engineeringcompanyfunctioncompetency",
  "pk": 39,
  "fields": {
    "profile": 39,
    "system_class": 42,
    "industry": 86
  }
},
{
  "model": "entities.engineeringcompanyfunctioncompetency",
  "pk": 40,
  "fields": {
    "profile": 39,
    "system_class": 38,
    "industry": 83
  }
},
{
  "model": "entities.engineeringcompanyfunctioncompetency",
  "pk": 41,
  "fields": {
    "profile": 39,
    "system_class": null,
    "industry": 85
  }
},
{
  "model": "entities.engineeringcompanyfunctioncompetency",
  "pk": 42,
  "fields": {
    "profile": 39,
    "system_class": 37,
    "industry": null
  }
},
{
  "model": "entities.fullcyclevendorprofile",
  "pk": 13,
  "fields": {
    "entity": 97,
    "region": "Москва",
    "resident_object": null,
    "products": [
      73
    ]
  }
},
{
  "model": "entities.fullcyclevendorprofile",
  "pk": 14,
  "fields": {
    "entity": 98,
    "region": "Самара",
    "resident_object": null,
    "products": [
      74
    ]
  }
},
{
  "model": "entities.fullcyclevendorprofile",
  "pk": 15,
  "fields": {
    "entity": 99,
    "region": "Москва",
    "resident_object": null,
    "products": [
      77,
      76
    ]
  }
},
{
  "model": "entities.fullcyclevendorprofile",
  "pk": 16,
  "fields": {
    "entity": 104,
    "region": "Москва / Санкт-Петербург / Казань",
    "resident_object": null,
    "products": [
      85,
      86,
      84
    ]
  }
},
{
  "model": "entities.fullcyclefunctioncompetency",
  "pk": 21,
  "fields": {
    "profile": 13,
    "system_class": 39,
    "industry": 85
  }
},
{
  "model": "entities.fullcyclefunctioncompetency",
  "pk": 22,
  "fields": {
    "profile": 14,
    "system_class": 39,
    "industry": 82
  }
},
{
  "model": "entities.fullcyclefunctioncompetency",
  "pk": 23,
  "fields": {
    "profile": 14,
    "system_class": 40,
    "industry": 92
  }
},
{
  "model": "entities.fullcyclefunctioncompetency",
  "pk": 24,
  "fields": {
    "profile": 15,
    "system_class": 33,
    "industry": 92
  }
},
{
  "model": "entities.fullcyclefunctioncompetency",
  "pk": 25,
  "fields": {
    "profile": 15,
    "system_class": 50,
    "industry": null
  }
},
{
  "model": "entities.fullcyclefunctioncompetency",
  "pk": 26,
  "fields": {
    "profile": 16,
    "system_class": 39,
    "industry": 82
  }
},
{
  "model": "entities.fullcyclefunctioncompetency",
  "pk": 27,
  "fields": {
    "profile": 16,
    "system_class": 37,
    "industry": 81
  }
},
{
  "model": "entities.fullcyclefunctioncompetency",
  "pk": 28,
  "fields": {
    "profile": 16,
    "system_class": 50,
    "industry": 92
  }
},
{
  "model": "entities.fullcyclefunctioncompetency",
  "pk": 29,
  "fields": {
    "profile": 16,
    "system_class": 42,
    "industry": null
  }
}
]
