[
{
  "model": "auth.user",
  "pk": 1,
  "fields": {
    "password": "",
    "last_login": null,
    "is_superuser": true,
    "username": "admin",
    "first_name": "",
    "last_name": "",
    "email": "",
    "is_staff": true,
    "is_active": true,
    "date_joined": "2026-07-18T08:11:29.004Z",
    "groups": [],
    "user_permissions": []
  }
},
{
  "model": "categories.category",
  "pk": 1,
  "fields": {
    "category_name": "Нефтепереработка",
    "object_level": 1,
    "creator": 1
  }
},
{
  "model": "categories.category",
  "pk": 2,
  "fields": {
    "category_name": "Нефтехимия",
    "object_level": 1,
    "creator": 1
  }
},
{
  "model": "categories.category",
  "pk": 3,
  "fields": {
    "category_name": "Газопереработка",
    "object_level": 1,
    "creator": 1
  }
},
{
  "model": "categories.category",
  "pk": 4,
  "fields": {
    "category_name": "Химия",
    "object_level": 1,
    "creator": 1
  }
},
{
  "model": "categories.category",
  "pk": 5,
  "fields": {
    "category_name": "Добыча нефти",
    "object_level": 1,
    "creator": 1
  }
},
{
  "model": "categories.category",
  "pk": 6,
  "fields": {
    "category_name": "Добыча газа",
    "object_level": 1,
    "creator": 1
  }
},
{
  "model": "categories.category",
  "pk": 7,
  "fields": {
    "category_name": "Металлургия",
    "object_level": 1,
    "creator": 1
  }
},
{
  "model": "categories.category",
  "pk": 8,
  "fields": {
    "category_name": "Энергетика",
    "object_level": 1,
    "creator": 1
  }
},
{
  "model": "categories.category",
  "pk": 9,
  "fields": {
    "category_name": "Пищевая",
    "object_level": 1,
    "creator": 1
  }
},
{
  "model": "categories.category",
  "pk": 10,
  "fields": {
    "category_name": "Фарма",
    "object_level": 1,
    "creator": 1
  }
},
{
  "model": "categories.category",
  "pk": 11,
  "fields": {
    "category_name": "Основное",
    "object_level": 2,
    "creator": 1
  }
},
{
  "model": "categories.category",
  "pk": 12,
  "fields": {
    "category_name": "Вспомогательное",
    "object_level": 2,
    "creator": 1
  }
},
{
  "model": "categories.category",
  "pk": 13,
  "fields": {
    "category_name": "Общее",
    "object_level": 2,
    "creator": 1
  }
},
{
  "model": "categories.category",
  "pk": 14,
  "fields": {
    "category_name": "Крекинг каталитический",
    "object_level": 3,
    "creator": 1
  }
},
{
  "model": "categories.category",
  "pk": 15,
  "fields": {
    "category_name": "Первичная переработка",
    "object_level": 3,
    "creator": 1
  }
},
{
  "model": "categories.category",
  "pk": 16,
  "fields": {
    "category_name": "Стабилизация",
    "object_level": 3,
    "creator": 1
  }
},
{
  "model": "owners.ownerentity",
  "pk": 1,
  "fields": {
    "owner_name": "ПАО «Нефтехолдинг»",
    "owner": null,
    "ultimate_owner": null,
    "is_root": true,
    "inn": ""
  }
},
{
  "model": "owners.ownerentity",
  "pk": 2,
  "fields": {
    "owner_name": "АО «Уфанефтепереработка»",
    "owner": 1,
    "ultimate_owner": null,
    "is_root": false,
    "inn": ""
  }
},
{
  "model": "owners.ownerentity",
  "pk": 3,
  "fields": {
    "owner_name": "ПАО «ГазХим»",
    "owner": null,
    "ultimate_owner": null,
    "is_root": true,
    "inn": ""
  }
},
{
  "model": "objects.object",
  "pk": 1,
  "fields": {
    "object_name": "Уфимский НПЗ",
    "object_short_name": "",
    "object_old_name": "",
    "object_law_name": "",
    "object_class": "",
    "hierarchy_level": 1,
    "parent_object": null,
    "category": 11,
    "owner_entity": 2,
    "start_date": null,
    "is_reconstructed": false,
    "capacity": "12 млн т/год",
    "status": "active",
    "notes": "",
    "country": "Россия",
    "region": "Республика Башкортостан",
    "city": "Уфа",
    "street": "Промышленная",
    "house": "1",
    "title": "",
    "creator": 1,
    "created_at": "2026-07-18T08:11:29.263Z",
    "updated_at": "2026-07-18T08:11:29.263Z"
  }
},
{
  "model": "objects.object",
  "pk": 2,
  "fields": {
    "object_name": "Цех первичной переработки",
    "object_short_name": "",
    "object_old_name": "",
    "object_law_name": "",
    "object_class": "",
    "hierarchy_level": 2,
    "parent_object": 1,
    "category": 11,
    "owner_entity": 2,
    "start_date": null,
    "is_reconstructed": false,
    "capacity": "",
    "status": "active",
    "notes": "",
    "country": "",
    "region": "",
    "city": "Уфа",
    "street": "",
    "house": "",
    "title": "Цех-1",
    "creator": 1,
    "created_at": "2026-07-18T08:11:29.265Z",
    "updated_at": "2026-07-18T08:11:29.265Z"
  }
},
{
  "model": "objects.object",
  "pk": 3,
  "fields": {
    "object_name": "Установка ЭЛОУ-АВТ-6",
    "object_short_name": "",
    "object_old_name": "",
    "object_law_name": "",
    "object_class": "",
    "hierarchy_level": 3,
    "parent_object": 2,
    "category": 15,
    "owner_entity": 2,
    "start_date": null,
    "is_reconstructed": false,
    "capacity": "",
    "status": "active",
    "notes": "",
    "country": "",
    "region": "",
    "city": "Уфа",
    "street": "",
    "house": "",
    "title": "6-АВТ",
    "creator": 1,
    "created_at": "2026-07-18T08:11:29.267Z",
    "updated_at": "2026-07-18T08:11:29.267Z"
  }
},
{
  "model": "objects.object",
  "pk": 4,
  "fields": {
    "object_name": "Установка каталитического крекинга",
    "object_short_name": "",
    "object_old_name": "",
    "object_law_name": "",
    "object_class": "",
    "hierarchy_level": 3,
    "parent_object": 2,
    "category": 14,
    "owner_entity": 2,
    "start_date": null,
    "is_reconstructed": false,
    "capacity": "",
    "status": "reconstruction",
    "notes": "",
    "country": "",
    "region": "",
    "city": "Уфа",
    "street": "",
    "house": "",
    "title": "Г-43-107",
    "creator": 1,
    "created_at": "2026-07-18T08:11:29.269Z",
    "updated_at": "2026-07-18T08:11:29.269Z"
  }
},
{
  "model": "objects.object",
  "pk": 5,
  "fields": {
    "object_name": "Оренбургский ГПЗ",
    "object_short_name": "",
    "object_old_name": "",
    "object_law_name": "",
    "object_class": "",
    "hierarchy_level": 1,
    "parent_object": null,
    "category": 11,
    "owner_entity": 3,
    "start_date": null,
    "is_reconstructed": false,
    "capacity": "45 млрд м³/год",
    "status": "active",
    "notes": "",
    "country": "Россия",
    "region": "Оренбургская область",
    "city": "Оренбург",
    "street": "",
    "house": "",
    "title": "",
    "creator": 1,
    "created_at": "2026-07-18T08:11:29.271Z",
    "updated_at": "2026-07-18T08:11:29.271Z"
  }
},
{
  "model": "objects.objectsystem",
  "pk": 1,
  "fields": {
    "object": 3,
    "system": 1,
    "status": "active",
    "implementation_date": null,
    "implementor": 7
  }
},
{
  "model": "objects.objectsystem",
  "pk": 2,
  "fields": {
    "object": 3,
    "system": 2,
    "status": "active",
    "implementation_date": null,
    "implementor": 10
  }
},
{
  "model": "objects.objectsystem",
  "pk": 3,
  "fields": {
    "object": 4,
    "system": 3,
    "status": "planned",
    "implementation_date": null,
    "implementor": 14
  }
},
{
  "model": "objects.objectsystem",
  "pk": 4,
  "fields": {
    "object": 1,
    "system": 4,
    "status": "active",
    "implementation_date": null,
    "implementor": 12
  }
},
{
  "model": "objects.objectsystem",
  "pk": 5,
  "fields": {
    "object": 5,
    "system": 5,
    "status": "active",
    "implementation_date": null,
    "implementor": 8
  }
},
{
  "model": "system.automationclass",
  "pk": 1,
  "fields": {
    "level": 0,
    "system_class": "КИПиА",
    "name_ru": "",
    "description": null,
    "is_composite": false,
    "includes": null
  }
},
{
  "model": "system.automationclass",
  "pk": 2,
  "fields": {
    "level": 1,
    "system_class": "PLC",
    "name_ru": "ПЛК",
    "description": null,
    "is_composite": false,
    "includes": null
  }
},
{
  "model": "system.automationclass",
  "pk": 3,
  "fields": {
    "level": 2,
    "system_class": "SCADA",
    "name_ru": "",
    "description": null,
    "is_composite": false,
    "includes": null
  }
},
{
  "model": "system.automationclass",
  "pk": 4,
  "fields": {
    "level": 2,
    "system_class": "DCS",
    "name_ru": "РСУ",
    "description": null,
    "is_composite": false,
    "includes": null
  }
},
{
  "model": "system.automationclass",
  "pk": 5,
  "fields": {
    "level": 2,
    "system_class": "ESD",
    "name_ru": "ПАЗ",
    "description": null,
    "is_composite": false,
    "includes": null
  }
},
{
  "model": "system.automationclass",
  "pk": 6,
  "fields": {
    "level": 3,
    "system_class": "MES",
    "name_ru": "",
    "description": null,
    "is_composite": false,
    "includes": null
  }
},
{
  "model": "system.automationclass",
  "pk": 7,
  "fields": {
    "level": 3,
    "system_class": "LIMS",
    "name_ru": "",
    "description": null,
    "is_composite": false,
    "includes": null
  }
},
{
  "model": "system.automationclass",
  "pk": 8,
  "fields": {
    "level": 4,
    "system_class": "ERP",
    "name_ru": "",
    "description": null,
    "is_composite": false,
    "includes": null
  }
},
{
  "model": "system.vendorproduct",
  "pk": 1,
  "fields": {
    "product_name": "Siemens PCS 7 V9.1",
    "vendor": 1,
    "product_type": "",
    "system_class": 4,
    "description": "",
    "version": "",
    "release_year": null,
    "end_of_support": null,
    "technical_specs": null,
    "subsystem_classes": [],
    "industries": [
      1,
      2,
      4
    ]
  }
},
{
  "model": "system.vendorproduct",
  "pk": 2,
  "fields": {
    "product_name": "Siemens SIMATIC S7-1500",
    "vendor": 1,
    "product_type": "",
    "system_class": 2,
    "description": "",
    "version": "",
    "release_year": null,
    "end_of_support": null,
    "technical_specs": null,
    "subsystem_classes": [],
    "industries": [
      1,
      8
    ]
  }
},
{
  "model": "system.vendorproduct",
  "pk": 3,
  "fields": {
    "product_name": "Honeywell Experion PKS R520",
    "vendor": 2,
    "product_type": "",
    "system_class": 4,
    "description": "",
    "version": "",
    "release_year": null,
    "end_of_support": null,
    "technical_specs": null,
    "subsystem_classes": [],
    "industries": [
      3,
      1
    ]
  }
},
{
  "model": "system.vendorproduct",
  "pk": 4,
  "fields": {
    "product_name": "Honeywell Safety Manager",
    "vendor": 2,
    "product_type": "",
    "system_class": 5,
    "description": "",
    "version": "",
    "release_year": null,
    "end_of_support": null,
    "technical_specs": null,
    "subsystem_classes": [],
    "industries": [
      3,
      2
    ]
  }
},
{
  "model": "system.vendorproduct",
  "pk": 5,
  "fields": {
    "product_name": "Yokogawa CENTUM VP",
    "vendor": 3,
    "product_type": "",
    "system_class": 4,
    "description": "",
    "version": "",
    "release_year": null,
    "end_of_support": null,
    "technical_specs": null,
    "subsystem_classes": [],
    "industries": [
      2,
      4
    ]
  }
},
{
  "model": "system.vendorproduct",
  "pk": 6,
  "fields": {
    "product_name": "AVEVA System Platform",
    "vendor": 4,
    "product_type": "",
    "system_class": 3,
    "description": "",
    "version": "",
    "release_year": null,
    "end_of_support": null,
    "technical_specs": null,
    "subsystem_classes": [],
    "industries": [
      7,
      8
    ]
  }
},
{
  "model": "system.vendorproduct",
  "pk": 7,
  "fields": {
    "product_name": "AVEVA PI System",
    "vendor": 4,
    "product_type": "",
    "system_class": 6,
    "description": "",
    "version": "",
    "release_year": null,
    "end_of_support": null,
    "technical_specs": null,
    "subsystem_classes": [],
    "industries": [
      7,
      1
    ]
  }
},
{
  "model": "system.vendorproduct",
  "pk": 8,
  "fields": {
    "product_name": "Schneider EcoStruxure Foxboro DCS",
    "vendor": 5,
    "product_type": "",
    "system_class": 4,
    "description": "",
    "version": "",
    "release_year": null,
    "end_of_support": null,
    "technical_specs": null,
    "subsystem_classes": [],
    "industries": [
      4,
      8
    ]
  }
},
{
  "model": "system.vendorproduct",
  "pk": 9,
  "fields": {
    "product_name": "Emerson DeltaV",
    "vendor": 6,
    "product_type": "",
    "system_class": 4,
    "description": "",
    "version": "",
    "release_year": null,
    "end_of_support": null,
    "technical_specs": null,
    "subsystem_classes": [],
    "industries": [
      2,
      10
    ]
  }
},
{
  "model": "system.vendorproduct",
  "pk": 10,
  "fields": {
    "product_name": "Emerson AMS Device Manager",
    "vendor": 6,
    "product_type": "",
    "system_class": 1,
    "description": "",
    "version": "",
    "release_year": null,
    "end_of_support": null,
    "technical_specs": null,
    "subsystem_classes": [],
    "industries": []
  }
},
{
  "model": "system.automationsystem",
  "pk": 1,
  "fields": {
    "autosystem_name": "РСУ Уфимского НПЗ",
    "autosystem_short_name": "",
    "system_class": 4,
    "product": 1,
    "system_status": "active",
    "notes": "",
    "release_year": null,
    "technical_specs": null,
    "modules": null,
    "interfaces": null,
    "creator": 1,
    "subsystem_classes": []
  }
},
{
  "model": "system.automationsystem",
  "pk": 2,
  "fields": {
    "autosystem_name": "ПАЗ ЭЛОУ-АВТ-6",
    "autosystem_short_name": "",
    "system_class": 5,
    "product": 4,
    "system_status": "active",
    "notes": "",
    "release_year": null,
    "technical_specs": null,
    "modules": null,
    "interfaces": null,
    "creator": 1,
    "subsystem_classes": []
  }
},
{
  "model": "system.automationsystem",
  "pk": 3,
  "fields": {
    "autosystem_name": "РСУ крекинга",
    "autosystem_short_name": "",
    "system_class": 4,
    "product": 9,
    "system_status": "active",
    "notes": "",
    "release_year": null,
    "technical_specs": null,
    "modules": null,
    "interfaces": null,
    "creator": 1,
    "subsystem_classes": []
  }
},
{
  "model": "system.automationsystem",
  "pk": 4,
  "fields": {
    "autosystem_name": "MES НПЗ",
    "autosystem_short_name": "",
    "system_class": 6,
    "product": 7,
    "system_status": "active",
    "notes": "",
    "release_year": null,
    "technical_specs": null,
    "modules": null,
    "interfaces": null,
    "creator": 1,
    "subsystem_classes": []
  }
},
{
  "model": "system.automationsystem",
  "pk": 5,
  "fields": {
    "autosystem_name": "РСУ ГПЗ",
    "autosystem_short_name": "",
    "system_class": 4,
    "product": 5,
    "system_status": "active",
    "notes": "",
    "release_year": null,
    "technical_specs": null,
    "modules": null,
    "interfaces": null,
    "creator": 1,
    "subsystem_classes": []
  }
},
{
  "model": "entities.entity",
  "pk": 1,
  "fields": {
    "entity_name": "Siemens AG",
    "inn": null,
    "contacts": null,
    "registration_date": null,
    "financial_data": null,
    "entity_type": "vendor",
    "is_partner": true,
    "website": "",
    "kam_name": "",
    "kam_phone": "",
    "contact_person": "",
    "contact_phone": "",
    "presentation_url": "",
    "profile": ""
  }
},
{
  "model": "entities.entity",
  "pk": 2,
  "fields": {
    "entity_name": "Honeywell International Inc.",
    "inn": null,
    "contacts": null,
    "registration_date": null,
    "financial_data": null,
    "entity_type": "vendor",
    "is_partner": true,
    "website": "",
    "kam_name": "",
    "kam_phone": "",
    "contact_person": "",
    "contact_phone": "",
    "presentation_url": "",
    "profile": ""
  }
},
{
  "model": "entities.entity",
  "pk": 3,
  "fields": {
    "entity_name": "Yokogawa Electric Corporation",
    "inn": null,
    "contacts": null,
    "registration_date": null,
    "financial_data": null,
    "entity_type": "vendor",
    "is_partner": true,
    "website": "",
    "kam_name": "",
    "kam_phone": "",
    "contact_person": "",
    "contact_phone": "",
    "presentation_url": "",
    "profile": ""
  }
},
{
  "model": "entities.entity",
  "pk": 4,
  "fields": {
    "entity_name": "AVEVA Group plc",
    "inn": null,
    "contacts": null,
    "registration_date": null,
    "financial_data": null,
    "entity_type": "vendor",
    "is_partner": true,
    "website": "",
    "kam_name": "",
    "kam_phone": "",
    "contact_person": "",
    "contact_phone": "",
    "presentation_url": "",
    "profile": ""
  }
},
{
  "model": "entities.entity",
  "pk": 5,
  "fields": {
    "entity_name": "ООО «Прософт-Системы»",
    "inn": null,
    "contacts": null,
    "registration_date": null,
    "financial_data": null,
    "entity_type": "supplier",
    "is_partner": false,
    "website": "",
    "kam_name": "",
    "kam_phone": "",
    "contact_person": "",
    "contact_phone": "",
    "presentation_url": "",
    "profile": ""
  }
},
{
  "model": "entities.entity",
  "pk": 6,
  "fields": {
    "entity_name": "ООО «КИП-Сервис»",
    "inn": null,
    "contacts": null,
    "registration_date": null,
    "financial_data": null,
    "entity_type": "supplier",
    "is_partner": false,
    "website": "",
    "kam_name": "",
    "kam_phone": "",
    "contact_person": "",
    "contact_phone": "",
    "presentation_url": "",
    "profile": ""
  }
},
{
  "model": "entities.entity",
  "pk": 7,
  "fields": {
    "entity_name": "ГК «СМС-Автоматизация»",
    "inn": null,
    "contacts": null,
    "registration_date": null,
    "financial_data": null,
    "entity_type": "system_integrator",
    "is_partner": false,
    "website": "",
    "kam_name": "",
    "kam_phone": "",
    "contact_person": "",
    "contact_phone": "",
    "presentation_url": "",
    "profile": ""
  }
},
{
  "model": "entities.entity",
  "pk": 8,
  "fields": {
    "entity_name": "ООО «УльтимаТек»",
    "inn": null,
    "contacts": null,
    "registration_date": null,
    "financial_data": null,
    "entity_type": "system_integrator",
    "is_partner": false,
    "website": "",
    "kam_name": "",
    "kam_phone": "",
    "contact_person": "",
    "contact_phone": "",
    "presentation_url": "",
    "profile": ""
  }
},
{
  "model": "entities.entity",
  "pk": 9,
  "fields": {
    "entity_name": "ООО «Сумма Технологий»",
    "inn": null,
    "contacts": null,
    "registration_date": null,
    "financial_data": null,
    "entity_type": "system_integrator",
    "is_partner": false,
    "website": "",
    "kam_name": "",
    "kam_phone": "",
    "contact_person": "",
    "contact_phone": "",
    "presentation_url": "",
    "profile": ""
  }
},
{
  "model": "entities.entity",
  "pk": 10,
  "fields": {
    "entity_name": "ООО «Адвантек-Промышленная Автоматизация»",
    "inn": null,
    "contacts": null,
    "registration_date": null,
    "financial_data": null,
    "entity_type": "engineering_company",
    "is_partner": false,
    "website": "",
    "kam_name": "",
    "kam_phone": "",
    "contact_person": "",
    "contact_phone": "",
    "presentation_url": "",
    "profile": ""
  }
},
{
  "model": "entities.entity",
  "pk": 11,
  "fields": {
    "entity_name": "НПП «Промышленная Автоматизация»",
    "inn": null,
    "contacts": null,
    "registration_date": null,
    "financial_data": null,
    "entity_type": "engineering_company",
    "is_partner": false,
    "website": "",
    "kam_name": "",
    "kam_phone": "",
    "contact_person": "",
    "contact_phone": "",
    "presentation_url": "",
    "profile": ""
  }
},
{
  "model": "entities.entity",
  "pk": 12,
  "fields": {
    "entity_name": "ООО «ИндаСофт»",
    "inn": null,
    "contacts": null,
    "registration_date": null,
    "financial_data": null,
    "entity_type": "engineering_company",
    "is_partner": false,
    "website": "",
    "kam_name": "",
    "kam_phone": "",
    "contact_person": "",
    "contact_phone": "",
    "presentation_url": "",
    "profile": ""
  }
},
{
  "model": "entities.entity",
  "pk": 13,
  "fields": {
    "entity_name": "Schneider Electric SE",
    "inn": null,
    "contacts": null,
    "registration_date": null,
    "financial_data": null,
    "entity_type": "full_cycle_vendor",
    "is_partner": false,
    "website": "",
    "kam_name": "",
    "kam_phone": "",
    "contact_person": "",
    "contact_phone": "",
    "presentation_url": "",
    "profile": ""
  }
},
{
  "model": "entities.entity",
  "pk": 14,
  "fields": {
    "entity_name": "Emerson Electric Co.",
    "inn": null,
    "contacts": null,
    "registration_date": null,
    "financial_data": null,
    "entity_type": "full_cycle_vendor",
    "is_partner": false,
    "website": "",
    "kam_name": "",
    "kam_phone": "",
    "contact_person": "",
    "contact_phone": "",
    "presentation_url": "",
    "profile": ""
  }
},
{
  "model": "entities.vendorprofile",
  "pk": 1,
  "fields": {
    "entity": 1
  }
},
{
  "model": "entities.vendorprofile",
  "pk": 2,
  "fields": {
    "entity": 2
  }
},
{
  "model": "entities.vendorprofile",
  "pk": 3,
  "fields": {
    "entity": 3
  }
},
{
  "model": "entities.vendorprofile",
  "pk": 4,
  "fields": {
    "entity": 4
  }
},
{
  "model": "entities.vendorprofile",
  "pk": 5,
  "fields": {
    "entity": 13
  }
},
{
  "model": "entities.vendorprofile",
  "pk": 6,
  "fields": {
    "entity": 14
  }
},
{
  "model": "entities.supplierprofile",
  "pk": 1,
  "fields": {
    "entity": 5,
    "products": [
      6,
      2
    ]
  }
},
{
  "model": "entities.supplierprofile",
  "pk": 2,
  "fields": {
    "entity": 6,
    "products": [
      10,
      4
    ]
  }
},
{
  "model": "entities.supplierprofile",
  "pk": 3,
  "fields": {
    "entity": 13,
    "products": []
  }
},
{
  "model": "entities.supplierprofile",
  "pk": 4,
  "fields": {
    "entity": 14,
    "products": []
  }
},
{
  "model": "entities.systemintegratorprofile",
  "pk": 1,
  "fields": {
    "entity": 7,
    "managing_owner": null,
    "vendor_partners": [
      1,
      2
    ]
  }
},
{
  "model": "entities.systemintegratorprofile",
  "pk": 2,
  "fields": {
    "entity": 8,
    "managing_owner": 1,
    "vendor_partners": [
      3
    ]
  }
},
{
  "model": "entities.systemintegratorprofile",
  "pk": 3,
  "fields": {
    "entity": 9,
    "managing_owner": null,
    "vendor_partners": [
      4
    ]
  }
},
{
  "model": "entities.engineeringcompanyprofile",
  "pk": 1,
  "fields": {
    "entity": 10,
    "region": "Пермь",
    "resident_object": null,
    "product_competencies": [
      9,
      3
    ]
  }
},
{
  "model": "entities.engineeringcompanyprofile",
  "pk": 2,
  "fields": {
    "entity": 11,
    "region": "Москва",
    "resident_object": null,
    "product_competencies": [
      1
    ]
  }
},
{
  "model": "entities.engineeringcompanyprofile",
  "pk": 3,
  "fields": {
    "entity": 12,
    "region": "Москва",
    "resident_object": null,
    "product_competencies": [
      7
    ]
  }
},
{
  "model": "entities.engineeringcompanyprofile",
  "pk": 4,
  "fields": {
    "entity": 13,
    "region": "",
    "resident_object": null,
    "product_competencies": []
  }
},
{
  "model": "entities.engineeringcompanyprofile",
  "pk": 5,
  "fields": {
    "entity": 14,
    "region": "",
    "resident_object": null,
    "product_competencies": []
  }
},
{
  "model": "entities.functioncompetency",
  "pk": 1,
  "fields": {
    "profile": 1,
    "system_class": 4,
    "industry": 1
  }
},
{
  "model": "entities.functioncompetency",
  "pk": 2,
  "fields": {
    "profile": 1,
    "system_class": 5,
    "industry": 2
  }
},
{
  "model": "entities.functioncompetency",
  "pk": 3,
  "fields": {
    "profile": 2,
    "system_class": 4,
    "industry": 4
  }
},
{
  "model": "entities.functioncompetency",
  "pk": 4,
  "fields": {
    "profile": 3,
    "system_class": 6,
    "industry": 7
  }
},
{
  "model": "entities.fullcyclevendorprofile",
  "pk": 1,
  "fields": {
    "entity": 13,
    "region": "Москва",
    "resident_object": null,
    "products": [
      8
    ]
  }
},
{
  "model": "entities.fullcyclevendorprofile",
  "pk": 2,
  "fields": {
    "entity": 14,
    "region": "Самара",
    "resident_object": null,
    "products": [
      9
    ]
  }
},
{
  "model": "entities.fullcyclefunctioncompetency",
  "pk": 1,
  "fields": {
    "profile": 1,
    "system_class": 4,
    "industry": 8
  }
},
{
  "model": "entities.fullcyclefunctioncompetency",
  "pk": 2,
  "fields": {
    "profile": 2,
    "system_class": 4,
    "industry": 2
  }
},
{
  "model": "entities.fullcyclefunctioncompetency",
  "pk": 3,
  "fields": {
    "profile": 2,
    "system_class": 5,
    "industry": 10
  }
}
]
